#
# There is insufficient memory for the Java Runtime Environment to continue.
# Native memory allocation (mmap) failed to map 56623104 bytes. Error detail: G1 virtual space
# Possible reasons:
#   The system is out of physical RAM or swap space
#   This process is running with CompressedOops enabled, and the Java Heap may be blocking the growth of the native heap
# Possible solutions:
#   Reduce memory load on the system
#   Increase physical memory or swap space
#   Check if swap backing store is full
#   Decrease Java heap size (-Xmx/-Xms)
#   Decrease number of Java threads
#   Decrease Java thread stack sizes (-Xss)
#   Set larger code cache with -XX:ReservedCodeCacheSize=
#   JVM is running with Unscaled Compressed Oops mode in which the Java heap is
#     placed in the first 4GB address space. The Java Heap base address is the
#     maximum limit for the native heap growth. Please use -XX:HeapBaseMinAddress
#     to set the Java Heap base and to place the Java Heap above 4GB virtual address.
# This output file may be truncated or incomplete.
#
#  Out of Memory Error (os_windows.cpp:3926), pid=328832, tid=229208
#
# JRE version: OpenJDK Runtime Environment (21.0.10) (build 21.0.10+-14961533-b1163.108)
# Java VM: OpenJDK 64-Bit Server VM (21.0.10+-14961533-b1163.108, mixed mode, tiered, compressed oops, compressed class ptrs, g1 gc, windows-amd64)
# No core dump will be written. Minidumps are not enabled by default on client versions of Windows
#

---------------  S U M M A R Y ------------

Command Line: --add-opens=java.base/java.lang=ALL-UNNAMED --add-opens=java.base/java.lang.invoke=ALL-UNNAMED --add-opens=java.base/java.util=ALL-UNNAMED --add-opens=java.prefs/java.util.prefs=ALL-UNNAMED --add-exports=jdk.compiler/com.sun.tools.javac.api=ALL-UNNAMED --add-exports=jdk.compiler/com.sun.tools.javac.util=ALL-UNNAMED --add-opens=java.base/java.util=ALL-UNNAMED --add-opens=java.prefs/java.util.prefs=ALL-UNNAMED --add-opens=java.base/java.nio.charset=ALL-UNNAMED --add-opens=java.base/java.net=ALL-UNNAMED --add-opens=java.base/java.util.concurrent=ALL-UNNAMED --add-opens=java.base/java.util.concurrent.atomic=ALL-UNNAMED --add-opens=java.xml/javax.xml.namespace=ALL-UNNAMED --add-opens=java.base/java.time=ALL-UNNAMED -Xmx2048m -Dfile.encoding=UTF-8 -Duser.country=US -Duser.language=en -Duser.variant -javaagent:C:\Users\teo20\.gradle\wrapper\dists\gradle-9.4.1-bin\arn2x92ynaizyzdaamcbpbhtj\gradle-9.4.1\lib\agents\gradle-instrumentation-agent-9.4.1.jar org.gradle.launcher.daemon.bootstrap.GradleDaemon 9.4.1

Host: AMD Ryzen 5 3600X 6-Core Processor             , 12 cores, 15G,  Windows 10 , 64 bit Build 19041 (10.0.19041.5915)
Time: Wed Apr 29 20:06:02 2026 GTB Daylight Time elapsed time: 33.563111 seconds (0d 0h 0m 33s)

---------------  T H R E A D  ---------------

Current thread (0x000002a1bbc25f70):  VMThread "VM Thread"          [id=229208, stack(0x000000ec12a00000,0x000000ec12b00000) (1024K)]

Stack: [0x000000ec12a00000,0x000000ec12b00000]
Native frames: (J=compiled Java code, j=interpreted, Vv=VM code, C=native code)
V  [jvm.dll+0x6d78a9]
V  [jvm.dll+0x8665b3]
V  [jvm.dll+0x868bde]
V  [jvm.dll+0x8692c3]
V  [jvm.dll+0x280ee6]
V  [jvm.dll+0x6d4165]
V  [jvm.dll+0x6c77fa]
V  [jvm.dll+0x358f4b]
V  [jvm.dll+0x360bc6]
V  [jvm.dll+0x3b2ea6]
V  [jvm.dll+0x3b3178]
V  [jvm.dll+0x32b65c]
V  [jvm.dll+0x32b6e7]
V  [jvm.dll+0x3715cc]
V  [jvm.dll+0x36fd7e]
V  [jvm.dll+0x32adb1]
V  [jvm.dll+0x36f480]
V  [jvm.dll+0x86f048]
V  [jvm.dll+0x870394]
V  [jvm.dll+0x8708d0]
V  [jvm.dll+0x870b63]
V  [jvm.dll+0x80fd28]
V  [jvm.dll+0x6d60fd]
C  [ucrtbase.dll+0x21bb2]
C  [KERNEL32.DLL+0x17374]
C  [ntdll.dll+0x4cc91]

VM_Operation (0x000000ec161fe4d0): G1CollectForAllocation, mode: safepoint, requested by thread 0x000002a1c501f2c0


---------------  P R O C E S S  ---------------

Threads class SMR info:
_java_thread_list=0x000002a1c3a9d970, length=57, elements={
0x000002a1a40319e0, 0x000002a1bbc6cf50, 0x000002a1bbc84340, 0x000002a1bbc7ec60,
0x000002a1bbc81d60, 0x000002a1bbc8fbe0, 0x000002a1bbc90640, 0x000002a1bbc9d810,
0x000002a1bbca8fd0, 0x000002a1bbcd5d90, 0x000002a1bc0f8d60, 0x000002a1c1636530,
0x000002a1c2e0f960, 0x000002a1c303b8e0, 0x000002a1c33d67d0, 0x000002a1c368b540,
0x000002a1c3565b50, 0x000002a1c3568fd0, 0x000002a1c3567c20, 0x000002a1c35661e0,
0x000002a1c35682b0, 0x000002a1c3566f00, 0x000002a1c3567590, 0x000002a1c3566870,
0x000002a1c3b20c00, 0x000002a1c3b1b6b0, 0x000002a1c3b1e4a0, 0x000002a1c3b1d780,
0x000002a1c3b21290, 0x000002a1c3b1c3d0, 0x000002a1c3b1bd40, 0x000002a1c3b1f1c0,
0x000002a1c3b1d0f0, 0x000002a1c3b1f850, 0x000002a1c3b1fee0, 0x000002a1c3b1a300,
0x000002a1c3b21920, 0x000002a1c3b1a990, 0x000002a1bbee6c40, 0x000002a1bbee8680,
0x000002a1bbee2aa0, 0x000002a1bbee5890, 0x000002a1bbee7960, 0x000002a1bbee65b0,
0x000002a1c59456d0, 0x000002a1c59449b0, 0x000002a1c5942250, 0x000002a1c5943c90,
0x000002a1c59428e0, 0x000002a1c5942f70, 0x000002a1c5944320, 0x000002a1c5945040,
0x000002a1c5946a80, 0x000002a1c593faf0, 0x000002a1c5940810, 0x000002a1c5940ea0,
0x000002a1c501f2c0
}

Java Threads: ( => current thread )
  0x000002a1a40319e0 JavaThread "main"                              [_thread_blocked, id=345664, stack(0x000000ec12300000,0x000000ec12400000) (1024K)]
  0x000002a1bbc6cf50 JavaThread "Common-Cleaner"             daemon [_thread_blocked, id=320052, stack(0x000000ec12b00000,0x000000ec12c00000) (1024K)]
  0x000002a1bbc84340 JavaThread "Reference Handler"          daemon [_thread_blocked, id=344408, stack(0x000000ec12c00000,0x000000ec12d00000) (1024K)]
  0x000002a1bbc7ec60 JavaThread "Finalizer"                  daemon [_thread_blocked, id=328132, stack(0x000000ec12d00000,0x000000ec12e00000) (1024K)]
  0x000002a1bbc81d60 JavaThread "Signal Dispatcher"          daemon [_thread_blocked, id=239920, stack(0x000000ec12e00000,0x000000ec12f00000) (1024K)]
  0x000002a1bbc8fbe0 JavaThread "Attach Listener"            daemon [_thread_blocked, id=335628, stack(0x000000ec12f00000,0x000000ec13000000) (1024K)]
  0x000002a1bbc90640 JavaThread "Service Thread"             daemon [_thread_blocked, id=337228, stack(0x000000ec13000000,0x000000ec13100000) (1024K)]
  0x000002a1bbc9d810 JavaThread "Monitor Deflation Thread"   daemon [_thread_blocked, id=325204, stack(0x000000ec13100000,0x000000ec13200000) (1024K)]
  0x000002a1bbca8fd0 JavaThread "C2 CompilerThread0"         daemon [_thread_blocked, id=327692, stack(0x000000ec13200000,0x000000ec13300000) (1024K)]
  0x000002a1bbcd5d90 JavaThread "C1 CompilerThread0"         daemon [_thread_blocked, id=323928, stack(0x000000ec13300000,0x000000ec13400000) (1024K)]
  0x000002a1bc0f8d60 JavaThread "Notification Thread"        daemon [_thread_blocked, id=290140, stack(0x000000ec13400000,0x000000ec13500000) (1024K)]
  0x000002a1c1636530 JavaThread "Daemon health stats"               [_thread_blocked, id=228828, stack(0x000000ec13a00000,0x000000ec13b00000) (1024K)]
  0x000002a1c2e0f960 JavaThread "Incoming local TCP Connector on port 49859"        [_thread_in_native, id=343440, stack(0x000000ec13b00000,0x000000ec13c00000) (1024K)]
  0x000002a1c303b8e0 JavaThread "Daemon periodic checks"            [_thread_blocked, id=328820, stack(0x000000ec13c00000,0x000000ec13d00000) (1024K)]
  0x000002a1c33d67d0 JavaThread "Daemon"                            [_thread_blocked, id=329292, stack(0x000000ec13d00000,0x000000ec13e00000) (1024K)]
  0x000002a1c368b540 JavaThread "Handler for socket connection from /127.0.0.1:49859 to /127.0.0.1:49860"        [_thread_in_native, id=330964, stack(0x000000ec13e00000,0x000000ec13f00000) (1024K)]
  0x000002a1c3565b50 JavaThread "Cancel handler"                    [_thread_blocked, id=332196, stack(0x000000ec14500000,0x000000ec14600000) (1024K)]
  0x000002a1c3568fd0 JavaThread "Daemon worker"                     [_thread_blocked, id=240156, stack(0x000000ec14600000,0x000000ec14700000) (1024K)]
  0x000002a1c3567c20 JavaThread "Asynchronous log dispatcher for DefaultDaemonConnection: socket connection from /127.0.0.1:49859 to /127.0.0.1:49860"        [_thread_blocked, id=334608, stack(0x000000ec14700000,0x000000ec14800000) (1024K)]
  0x000002a1c35661e0 JavaThread "Stdin handler"                     [_thread_blocked, id=329984, stack(0x000000ec14800000,0x000000ec14900000) (1024K)]
  0x000002a1c35682b0 JavaThread "Daemon client event forwarder"        [_thread_blocked, id=342508, stack(0x000000ec14900000,0x000000ec14a00000) (1024K)]
  0x000002a1c3566f00 JavaThread "Cache worker for journal cache (C:\Users\teo20\.gradle\caches\journal-1)"        [_thread_blocked, id=327908, stack(0x000000ec14a00000,0x000000ec14b00000) (1024K)]
  0x000002a1c3567590 JavaThread "File lock request listener"        [_thread_in_native, id=66836, stack(0x000000ec14b00000,0x000000ec14c00000) (1024K)]
  0x000002a1c3566870 JavaThread "Cache worker for file hash cache (C:\Users\teo20\.gradle\caches\9.4.1\fileHashes)"        [_thread_blocked, id=241392, stack(0x000000ec14c00000,0x000000ec14d00000) (1024K)]
  0x000002a1c3b20c00 JavaThread "Cache worker for file hash cache (A:\ElderConnect\.gradle\9.4.1\fileHashes)"        [_thread_blocked, id=204540, stack(0x000000ec14d00000,0x000000ec14e00000) (1024K)]
  0x000002a1c3b1b6b0 JavaThread "Cache worker for Build Output Cleanup Cache (A:\ElderConnect\.gradle\buildOutputCleanup)"        [_thread_blocked, id=332056, stack(0x000000ec14e00000,0x000000ec14f00000) (1024K)]
  0x000002a1c3b1e4a0 JavaThread "File watcher server"        daemon [_thread_in_native, id=334628, stack(0x000000ec14f00000,0x000000ec15000000) (1024K)]
  0x000002a1c3b1d780 JavaThread "File watcher consumer"      daemon [_thread_blocked, id=340972, stack(0x000000ec15000000,0x000000ec15100000) (1024K)]
  0x000002a1c3b21290 JavaThread "jar transforms"                    [_thread_blocked, id=240112, stack(0x000000ec15100000,0x000000ec15200000) (1024K)]
  0x000002a1c3b1c3d0 JavaThread "jar transforms Thread 2"           [_thread_blocked, id=337164, stack(0x000000ec15200000,0x000000ec15300000) (1024K)]
  0x000002a1c3b1bd40 JavaThread "jar transforms Thread 3"           [_thread_blocked, id=264488, stack(0x000000ec15300000,0x000000ec15400000) (1024K)]
  0x000002a1c3b1f1c0 JavaThread "jar transforms Thread 4"           [_thread_blocked, id=321952, stack(0x000000ec15400000,0x000000ec15500000) (1024K)]
  0x000002a1c3b1d0f0 JavaThread "jar transforms Thread 5"           [_thread_blocked, id=345400, stack(0x000000ec15500000,0x000000ec15600000) (1024K)]
  0x000002a1c3b1f850 JavaThread "jar transforms Thread 6"           [_thread_blocked, id=330968, stack(0x000000ec15600000,0x000000ec15700000) (1024K)]
  0x000002a1c3b1fee0 JavaThread "jar transforms Thread 7"           [_thread_blocked, id=338648, stack(0x000000ec15700000,0x000000ec15800000) (1024K)]
  0x000002a1c3b1a300 JavaThread "jar transforms Thread 8"           [_thread_blocked, id=341484, stack(0x000000ec15800000,0x000000ec15900000) (1024K)]
  0x000002a1c3b21920 JavaThread "jar transforms Thread 9"           [_thread_blocked, id=336492, stack(0x000000ec15900000,0x000000ec15a00000) (1024K)]
  0x000002a1c3b1a990 JavaThread "jar transforms Thread 10"          [_thread_blocked, id=332748, stack(0x000000ec15a00000,0x000000ec15b00000) (1024K)]
  0x000002a1bbee6c40 JavaThread "jar transforms Thread 11"          [_thread_blocked, id=336788, stack(0x000000ec15b00000,0x000000ec15c00000) (1024K)]
  0x000002a1bbee8680 JavaThread "jar transforms Thread 12"          [_thread_blocked, id=342584, stack(0x000000ec15c00000,0x000000ec15d00000) (1024K)]
  0x000002a1bbee2aa0 JavaThread "Cache worker for file content cache (C:\Users\teo20\.gradle\caches\9.4.1\fileContent)"        [_thread_blocked, id=337244, stack(0x000000ec15d00000,0x000000ec15e00000) (1024K)]
  0x000002a1bbee5890 JavaThread "Cache worker for checksums cache (A:\ElderConnect\.gradle\9.4.1\checksums)"        [_thread_blocked, id=93520, stack(0x000000ec15e00000,0x000000ec15f00000) (1024K)]
  0x000002a1bbee7960 JavaThread "Cache worker for cache directory md-supplier (C:\Users\teo20\.gradle\caches\9.4.1\md-supplier)"        [_thread_blocked, id=232912, stack(0x000000ec15f00000,0x000000ec16000000) (1024K)]
  0x000002a1bbee65b0 JavaThread "Cache worker for cache directory md-rule (C:\Users\teo20\.gradle\caches\9.4.1\md-rule)"        [_thread_blocked, id=330320, stack(0x000000ec16000000,0x000000ec16100000) (1024K)]
  0x000002a1c59456d0 JavaThread "Build operations"                  [_thread_blocked, id=323788, stack(0x000000ec16200000,0x000000ec16300000) (1024K)]
  0x000002a1c59449b0 JavaThread "Build operations Thread 2"         [_thread_blocked, id=322968, stack(0x000000ec16300000,0x000000ec16400000) (1024K)]
  0x000002a1c5942250 JavaThread "Build operations Thread 3"         [_thread_blocked, id=338292, stack(0x000000ec16400000,0x000000ec16500000) (1024K)]
  0x000002a1c5943c90 JavaThread "Build operations Thread 4"         [_thread_blocked, id=39224, stack(0x000000ec16500000,0x000000ec16600000) (1024K)]
  0x000002a1c59428e0 JavaThread "Build operations Thread 5"         [_thread_blocked, id=343824, stack(0x000000ec16600000,0x000000ec16700000) (1024K)]
  0x000002a1c5942f70 JavaThread "Build operations Thread 6"         [_thread_blocked, id=344672, stack(0x000000ec16700000,0x000000ec16800000) (1024K)]
  0x000002a1c5944320 JavaThread "Build operations Thread 7"         [_thread_blocked, id=331472, stack(0x000000ec16800000,0x000000ec16900000) (1024K)]
  0x000002a1c5945040 JavaThread "Build operations Thread 8"         [_thread_blocked, id=345164, stack(0x000000ec16900000,0x000000ec16a00000) (1024K)]
  0x000002a1c5946a80 JavaThread "Build operations Thread 9"         [_thread_blocked, id=206100, stack(0x000000ec16a00000,0x000000ec16b00000) (1024K)]
  0x000002a1c593faf0 JavaThread "Build operations Thread 10"        [_thread_blocked, id=241516, stack(0x000000ec16b00000,0x000000ec16c00000) (1024K)]
  0x000002a1c5940810 JavaThread "Build operations Thread 11"        [_thread_blocked, id=333312, stack(0x000000ec16c00000,0x000000ec16d00000) (1024K)]
  0x000002a1c5940ea0 JavaThread "Build operations Thread 12"        [_thread_blocked, id=346020, stack(0x000000ec16d00000,0x000000ec16e00000) (1024K)]
  0x000002a1c501f2c0 JavaThread "pool-1-thread-1"                   [_thread_blocked, id=328724, stack(0x000000ec16100000,0x000000ec16200000) (1024K)]
Total: 57

Other Threads:
=>0x000002a1bbc25f70 VMThread "VM Thread"                           [id=229208, stack(0x000000ec12a00000,0x000000ec12b00000) (1024K)]
  0x000002a1bbc110e0 WatcherThread "VM Periodic Task Thread"        [id=335952, stack(0x000000ec12900000,0x000000ec12a00000) (1024K)]
  0x000002a1a4089300 WorkerThread "GC Thread#0"                     [id=65956, stack(0x000000ec12400000,0x000000ec12500000) (1024K)]
  0x000002a1c13e7150 WorkerThread "GC Thread#1"                     [id=80256, stack(0x000000ec13500000,0x000000ec13600000) (1024K)]
  0x000002a1c142ba40 WorkerThread "GC Thread#2"                     [id=246212, stack(0x000000ec13600000,0x000000ec13700000) (1024K)]
  0x000002a1c142bdf0 WorkerThread "GC Thread#3"                     [id=340452, stack(0x000000ec13700000,0x000000ec13800000) (1024K)]
  0x000002a1c142c1a0 WorkerThread "GC Thread#4"                     [id=303660, stack(0x000000ec13800000,0x000000ec13900000) (1024K)]
  0x000002a1c142c950 WorkerThread "GC Thread#5"                     [id=327772, stack(0x000000ec13900000,0x000000ec13a00000) (1024K)]
  0x000002a1c30a1f00 WorkerThread "GC Thread#6"                     [id=342228, stack(0x000000ec13f00000,0x000000ec14000000) (1024K)]
  0x000002a1c30a3520 WorkerThread "GC Thread#7"                     [id=234508, stack(0x000000ec14000000,0x000000ec14100000) (1024K)]
  0x000002a1c30a22b0 WorkerThread "GC Thread#8"                     [id=326864, stack(0x000000ec14100000,0x000000ec14200000) (1024K)]
  0x000002a1c30a2660 WorkerThread "GC Thread#9"                     [id=50096, stack(0x000000ec14200000,0x000000ec14300000) (1024K)]
  0x000002a1a409bc10 ConcurrentGCThread "G1 Main Marker"            [id=335832, stack(0x000000ec12500000,0x000000ec12600000) (1024K)]
  0x000002a1a409c720 WorkerThread "G1 Conc#0"                       [id=336196, stack(0x000000ec12600000,0x000000ec12700000) (1024K)]
  0x000002a1c30a2a10 WorkerThread "G1 Conc#1"                       [id=333584, stack(0x000000ec14300000,0x000000ec14400000) (1024K)]
  0x000002a1c30a2dc0 WorkerThread "G1 Conc#2"                       [id=314256, stack(0x000000ec14400000,0x000000ec14500000) (1024K)]
  0x000002a1bba646b0 ConcurrentGCThread "G1 Refine#0"               [id=323112, stack(0x000000ec12700000,0x000000ec12800000) (1024K)]
  0x000002a1bba65140 ConcurrentGCThread "G1 Service"                [id=323932, stack(0x000000ec12800000,0x000000ec12900000) (1024K)]
Total: 18

Threads with active compile tasks:
C2 CompilerThread0  33680 11029       4       java.util.TimSort::gallopLeft (335 bytes)
C1 CompilerThread0  33680 11020       3       org.jetbrains.kotlin.incremental.classpathDiff.impl.BasicClassInfo::<init> (145 bytes)
Total: 2

VM state: at safepoint (normal execution)

VM Mutex/Monitor currently owned by a thread:  ([mutex/lock_event])
[0x00007fffe52986d0] Threads_lock - owner thread: 0x000002a1bbc25f70
[0x00007fffe52987d0] Heap_lock - owner thread: 0x000002a1c501f2c0

Heap address: 0x0000000080000000, size: 2048 MB, Compressed Oops mode: 32-bit

CDS archive(s) not mapped
Compressed class space mapped at: 0x0000000100000000-0x0000000140000000, reserved size: 1073741824
Narrow klass base: 0x0000000000000000, Narrow klass shift: 3, Narrow klass range: 0x140000000

GC Precious Log:
 CardTable entry size: 512
 Card Set container configuration: InlinePtr #cards 5 size 8 Array Of Cards #cards 12 size 40 Howl #buckets 4 coarsen threshold 1843 Howl Bitmap #cards 512 size 80 coarsen threshold 460 Card regions per heap region 1 cards per card region 2048
 CPUs: 12 total, 12 available
 Memory: 16330M
 Large Page Support: Disabled
 NUMA Support: Disabled
 Compressed Oops: Enabled (32-bit)
 Heap Region Size: 1M
 Heap Min Capacity: 8M
 Heap Initial Capacity: 256M
 Heap Max Capacity: 2G
 Pre-touch: Disabled
 Parallel Workers: 10
 Concurrent Workers: 3
 Concurrent Refinement Workers: 10
 Periodic GC: Disabled

Heap:
 garbage-first heap   total 379904K, used 140288K [0x0000000080000000, 0x0000000100000000)
  region size 1024K, 27 young (27648K), 27 survivors (27648K)
 Metaspace       used 71501K, committed 73216K, reserved 1114112K
  class space    used 9882K, committed 10752K, reserved 1048576K

Heap Regions: E=young(eden), S=young(survivor), O=old, HS=humongous(starts), HC=humongous(continues), CS=collection set, F=free, TAMS=top-at-mark-start, PB=parsable bottom
|   0|0x0000000080000000, 0x0000000080100000, 0x0000000080100000|100%|HS|  |TAMS 0x0000000080000000| PB 0x0000000080000000| Complete 
|   1|0x0000000080100000, 0x0000000080200000, 0x0000000080200000|100%|HC|  |TAMS 0x0000000080100000| PB 0x0000000080100000| Complete 
|   2|0x0000000080200000, 0x0000000080300000, 0x0000000080300000|100%|HC|  |TAMS 0x0000000080200000| PB 0x0000000080200000| Complete 
|   3|0x0000000080300000, 0x0000000080400000, 0x0000000080400000|100%|HC|  |TAMS 0x0000000080300000| PB 0x0000000080300000| Complete 
|   4|0x0000000080400000, 0x0000000080500000, 0x0000000080500000|100%| O|  |TAMS 0x0000000080400000| PB 0x0000000080400000| Untracked 
|   5|0x0000000080500000, 0x0000000080600000, 0x0000000080600000|100%| O|  |TAMS 0x0000000080500000| PB 0x0000000080500000| Untracked 
|   6|0x0000000080600000, 0x0000000080700000, 0x0000000080700000|100%| O|  |TAMS 0x0000000080600000| PB 0x0000000080600000| Untracked 
|   7|0x0000000080700000, 0x0000000080800000, 0x0000000080800000|100%| O|  |TAMS 0x0000000080700000| PB 0x0000000080700000| Untracked 
|   8|0x0000000080800000, 0x0000000080900000, 0x0000000080900000|100%| O|  |TAMS 0x0000000080800000| PB 0x0000000080800000| Untracked 
|   9|0x0000000080900000, 0x0000000080a00000, 0x0000000080a00000|100%| O|  |TAMS 0x0000000080900000| PB 0x0000000080900000| Untracked 
|  10|0x0000000080a00000, 0x0000000080b00000, 0x0000000080b00000|100%| O|  |TAMS 0x0000000080a00000| PB 0x0000000080a00000| Untracked 
|  11|0x0000000080b00000, 0x0000000080c00000, 0x0000000080c00000|100%|HS|  |TAMS 0x0000000080b00000| PB 0x0000000080b00000| Complete 
|  12|0x0000000080c00000, 0x0000000080d00000, 0x0000000080d00000|100%| O|  |TAMS 0x0000000080c00000| PB 0x0000000080c00000| Untracked 
|  13|0x0000000080d00000, 0x0000000080e00000, 0x0000000080e00000|100%| O|  |TAMS 0x0000000080d00000| PB 0x0000000080d00000| Untracked 
|  14|0x0000000080e00000, 0x0000000080f00000, 0x0000000080f00000|100%| O|  |TAMS 0x0000000080e00000| PB 0x0000000080e00000| Untracked 
|  15|0x0000000080f00000, 0x0000000081000000, 0x0000000081000000|100%| O|  |TAMS 0x0000000080f00000| PB 0x0000000080f00000| Untracked 
|  16|0x0000000081000000, 0x0000000081100000, 0x0000000081100000|100%| O|  |TAMS 0x0000000081000000| PB 0x0000000081000000| Untracked 
|  17|0x0000000081100000, 0x0000000081200000, 0x0000000081200000|100%| O|  |TAMS 0x0000000081100000| PB 0x0000000081100000| Untracked 
|  18|0x0000000081200000, 0x0000000081300000, 0x0000000081300000|100%| O|  |TAMS 0x0000000081200000| PB 0x0000000081200000| Untracked 
|  19|0x0000000081300000, 0x0000000081400000, 0x0000000081400000|100%| O|  |TAMS 0x0000000081300000| PB 0x0000000081300000| Untracked 
|  20|0x0000000081400000, 0x0000000081500000, 0x0000000081500000|100%| O|  |TAMS 0x0000000081400000| PB 0x0000000081400000| Untracked 
|  21|0x0000000081500000, 0x0000000081600000, 0x0000000081600000|100%| O|  |TAMS 0x0000000081500000| PB 0x0000000081500000| Untracked 
|  22|0x0000000081600000, 0x0000000081700000, 0x0000000081700000|100%| O|  |TAMS 0x0000000081600000| PB 0x0000000081600000| Untracked 
|  23|0x0000000081700000, 0x0000000081800000, 0x0000000081800000|100%|HS|  |TAMS 0x0000000081700000| PB 0x0000000081700000| Complete 
|  24|0x0000000081800000, 0x0000000081900000, 0x0000000081900000|100%|HC|  |TAMS 0x0000000081800000| PB 0x0000000081800000| Complete 
|  25|0x0000000081900000, 0x0000000081a00000, 0x0000000081a00000|100%|HC|  |TAMS 0x0000000081900000| PB 0x0000000081900000| Complete 
|  26|0x0000000081a00000, 0x0000000081b00000, 0x0000000081b00000|100%|HC|  |TAMS 0x0000000081a00000| PB 0x0000000081a00000| Complete 
|  27|0x0000000081b00000, 0x0000000081c00000, 0x0000000081c00000|100%|HC|  |TAMS 0x0000000081b00000| PB 0x0000000081b00000| Complete 
|  28|0x0000000081c00000, 0x0000000081d00000, 0x0000000081d00000|100%|HC|  |TAMS 0x0000000081c00000| PB 0x0000000081c00000| Complete 
|  29|0x0000000081d00000, 0x0000000081e00000, 0x0000000081e00000|100%|HS|  |TAMS 0x0000000081d00000| PB 0x0000000081d00000| Complete 
|  30|0x0000000081e00000, 0x0000000081f00000, 0x0000000081f00000|100%|HC|  |TAMS 0x0000000081e00000| PB 0x0000000081e00000| Complete 
|  31|0x0000000081f00000, 0x0000000082000000, 0x0000000082000000|100%|HS|  |TAMS 0x0000000081f00000| PB 0x0000000081f00000| Complete 
|  32|0x0000000082000000, 0x0000000082100000, 0x0000000082100000|100%|HS|  |TAMS 0x0000000082000000| PB 0x0000000082000000| Complete 
|  33|0x0000000082100000, 0x0000000082200000, 0x0000000082200000|100%|HC|  |TAMS 0x0000000082100000| PB 0x0000000082100000| Complete 
|  34|0x0000000082200000, 0x0000000082300000, 0x0000000082300000|100%|HC|  |TAMS 0x0000000082200000| PB 0x0000000082200000| Complete 
|  35|0x0000000082300000, 0x0000000082400000, 0x0000000082400000|100%|HC|  |TAMS 0x0000000082300000| PB 0x0000000082300000| Complete 
|  36|0x0000000082400000, 0x0000000082500000, 0x0000000082500000|100%|HC|  |TAMS 0x0000000082400000| PB 0x0000000082400000| Complete 
|  37|0x0000000082500000, 0x0000000082600000, 0x0000000082600000|100%|HC|  |TAMS 0x0000000082500000| PB 0x0000000082500000| Complete 
|  38|0x0000000082600000, 0x0000000082700000, 0x0000000082700000|100%|HS|  |TAMS 0x0000000082600000| PB 0x0000000082600000| Complete 
|  39|0x0000000082700000, 0x0000000082800000, 0x0000000082800000|100%| O|  |TAMS 0x0000000082700000| PB 0x0000000082700000| Untracked 
|  40|0x0000000082800000, 0x0000000082900000, 0x0000000082900000|100%| O|  |TAMS 0x0000000082800000| PB 0x0000000082800000| Untracked 
|  41|0x0000000082900000, 0x0000000082a00000, 0x0000000082a00000|100%| O|  |TAMS 0x0000000082900000| PB 0x0000000082900000| Untracked 
|  42|0x0000000082a00000, 0x0000000082b00000, 0x0000000082b00000|100%| O|  |TAMS 0x0000000082a00000| PB 0x0000000082a00000| Untracked 
|  43|0x0000000082b00000, 0x0000000082c00000, 0x0000000082c00000|100%| O|  |TAMS 0x0000000082b00000| PB 0x0000000082b00000| Untracked 
|  44|0x0000000082c00000, 0x0000000082d00000, 0x0000000082d00000|100%| O|  |TAMS 0x0000000082c00000| PB 0x0000000082c00000| Untracked 
|  45|0x0000000082d00000, 0x0000000082e00000, 0x0000000082e00000|100%| O|  |TAMS 0x0000000082d00000| PB 0x0000000082d00000| Untracked 
|  46|0x0000000082e00000, 0x0000000082f00000, 0x0000000082f00000|100%| O|  |TAMS 0x0000000082e00000| PB 0x0000000082e00000| Untracked 
|  47|0x0000000082f00000, 0x0000000083000000, 0x0000000083000000|100%| O|  |TAMS 0x0000000082f00000| PB 0x0000000082f00000| Untracked 
|  48|0x0000000083000000, 0x0000000083100000, 0x0000000083100000|100%| O|  |TAMS 0x0000000083000000| PB 0x0000000083000000| Untracked 
|  49|0x0000000083100000, 0x0000000083200000, 0x0000000083200000|100%| O|  |TAMS 0x0000000083100000| PB 0x0000000083100000| Untracked 
|  50|0x0000000083200000, 0x0000000083300000, 0x0000000083300000|100%| O|  |TAMS 0x0000000083200000| PB 0x0000000083200000| Untracked 
|  51|0x0000000083300000, 0x0000000083400000, 0x0000000083400000|100%| O|  |TAMS 0x0000000083300000| PB 0x0000000083300000| Untracked 
|  52|0x0000000083400000, 0x0000000083500000, 0x0000000083500000|100%| O|  |TAMS 0x0000000083400000| PB 0x0000000083400000| Untracked 
|  53|0x0000000083500000, 0x0000000083600000, 0x0000000083600000|100%| O|  |TAMS 0x0000000083500000| PB 0x0000000083500000| Untracked 
|  54|0x0000000083600000, 0x0000000083700000, 0x0000000083700000|100%| O|  |TAMS 0x0000000083600000| PB 0x0000000083600000| Untracked 
|  55|0x0000000083700000, 0x0000000083800000, 0x0000000083800000|100%| O|  |TAMS 0x0000000083700000| PB 0x0000000083700000| Untracked 
|  56|0x0000000083800000, 0x0000000083900000, 0x0000000083900000|100%| O|  |TAMS 0x0000000083800000| PB 0x0000000083800000| Untracked 
|  57|0x0000000083900000, 0x0000000083a00000, 0x0000000083a00000|100%| O|  |TAMS 0x0000000083900000| PB 0x0000000083900000| Untracked 
|  58|0x0000000083a00000, 0x0000000083b00000, 0x0000000083b00000|100%| O|  |TAMS 0x0000000083a00000| PB 0x0000000083a00000| Untracked 
|  59|0x0000000083b00000, 0x0000000083c00000, 0x0000000083c00000|100%| O|  |TAMS 0x0000000083b00000| PB 0x0000000083b00000| Untracked 
|  60|0x0000000083c00000, 0x0000000083d00000, 0x0000000083d00000|100%| O|  |TAMS 0x0000000083c00000| PB 0x0000000083c00000| Untracked 
|  61|0x0000000083d00000, 0x0000000083e00000, 0x0000000083e00000|100%| O|  |TAMS 0x0000000083d00000| PB 0x0000000083d00000| Untracked 
|  62|0x0000000083e00000, 0x0000000083f00000, 0x0000000083f00000|100%| O|  |TAMS 0x0000000083e00000| PB 0x0000000083e00000| Untracked 
|  63|0x0000000083f00000, 0x0000000084000000, 0x0000000084000000|100%| O|  |TAMS 0x0000000083f00000| PB 0x0000000083f00000| Untracked 
|  64|0x0000000084000000, 0x0000000084100000, 0x0000000084100000|100%| O|  |TAMS 0x0000000084000000| PB 0x0000000084000000| Untracked 
|  65|0x0000000084100000, 0x0000000084200000, 0x0000000084200000|100%| O|  |TAMS 0x0000000084100000| PB 0x0000000084100000| Untracked 
|  66|0x0000000084200000, 0x0000000084300000, 0x0000000084300000|100%|HS|  |TAMS 0x0000000084200000| PB 0x0000000084200000| Complete 
|  67|0x0000000084300000, 0x0000000084400000, 0x0000000084400000|100%|HC|  |TAMS 0x0000000084300000| PB 0x0000000084300000| Complete 
|  68|0x0000000084400000, 0x0000000084500000, 0x0000000084500000|100%| O|  |TAMS 0x0000000084400000| PB 0x0000000084400000| Untracked 
|  69|0x0000000084500000, 0x0000000084600000, 0x0000000084600000|100%| O|  |TAMS 0x0000000084500000| PB 0x0000000084500000| Untracked 
|  70|0x0000000084600000, 0x0000000084700000, 0x0000000084700000|100%| O|  |TAMS 0x0000000084600000| PB 0x0000000084600000| Untracked 
|  71|0x0000000084700000, 0x0000000084800000, 0x0000000084800000|100%| O|  |TAMS 0x0000000084700000| PB 0x0000000084700000| Untracked 
|  72|0x0000000084800000, 0x0000000084900000, 0x0000000084900000|100%|HS|  |TAMS 0x0000000084800000| PB 0x0000000084800000| Complete 
|  73|0x0000000084900000, 0x0000000084a00000, 0x0000000084a00000|100%|HC|  |TAMS 0x0000000084900000| PB 0x0000000084900000| Complete 
|  74|0x0000000084a00000, 0x0000000084b00000, 0x0000000084b00000|100%| O|  |TAMS 0x0000000084a00000| PB 0x0000000084a00000| Untracked 
|  75|0x0000000084b00000, 0x0000000084c00000, 0x0000000084c00000|100%| O|  |TAMS 0x0000000084b00000| PB 0x0000000084b00000| Untracked 
|  76|0x0000000084c00000, 0x0000000084d00000, 0x0000000084d00000|100%| O|  |TAMS 0x0000000084c00000| PB 0x0000000084c00000| Untracked 
|  77|0x0000000084d00000, 0x0000000084e00000, 0x0000000084e00000|100%| O|  |TAMS 0x0000000084d00000| PB 0x0000000084d00000| Untracked 
|  78|0x0000000084e00000, 0x0000000084f00000, 0x0000000084f00000|100%| O|  |TAMS 0x0000000084e00000| PB 0x0000000084e00000| Untracked 
|  79|0x0000000084f00000, 0x0000000085000000, 0x0000000085000000|100%| O|  |TAMS 0x0000000084f00000| PB 0x0000000084f00000| Untracked 
|  80|0x0000000085000000, 0x0000000085100000, 0x0000000085100000|100%| O|  |TAMS 0x0000000085000000| PB 0x0000000085000000| Untracked 
|  81|0x0000000085100000, 0x0000000085200000, 0x0000000085200000|100%| O|  |TAMS 0x0000000085100000| PB 0x0000000085100000| Untracked 
|  82|0x0000000085200000, 0x0000000085300000, 0x0000000085300000|100%| O|  |TAMS 0x0000000085200000| PB 0x0000000085200000| Untracked 
|  83|0x0000000085300000, 0x0000000085400000, 0x0000000085400000|100%| O|  |TAMS 0x0000000085300000| PB 0x0000000085300000| Untracked 
|  84|0x0000000085400000, 0x0000000085500000, 0x0000000085500000|100%| O|  |TAMS 0x0000000085400000| PB 0x0000000085400000| Untracked 
|  85|0x0000000085500000, 0x0000000085600000, 0x0000000085600000|100%| O|  |TAMS 0x0000000085500000| PB 0x0000000085500000| Untracked 
|  86|0x0000000085600000, 0x0000000085700000, 0x0000000085700000|100%| O|  |TAMS 0x0000000085600000| PB 0x0000000085600000| Untracked 
|  87|0x0000000085700000, 0x0000000085800000, 0x0000000085800000|100%| O|  |TAMS 0x0000000085700000| PB 0x0000000085700000| Untracked 
|  88|0x0000000085800000, 0x0000000085900000, 0x0000000085900000|100%| O|  |TAMS 0x0000000085800000| PB 0x0000000085800000| Untracked 
|  89|0x0000000085900000, 0x0000000085a00000, 0x0000000085a00000|100%| O|  |TAMS 0x0000000085900000| PB 0x0000000085900000| Untracked 
|  90|0x0000000085a00000, 0x0000000085b00000, 0x0000000085b00000|100%| O|  |TAMS 0x0000000085a00000| PB 0x0000000085a00000| Untracked 
|  91|0x0000000085b00000, 0x0000000085c00000, 0x0000000085c00000|100%| O|  |TAMS 0x0000000085b00000| PB 0x0000000085b00000| Untracked 
|  92|0x0000000085c00000, 0x0000000085d00000, 0x0000000085d00000|100%| O|  |TAMS 0x0000000085c00000| PB 0x0000000085c00000| Untracked 
|  93|0x0000000085d00000, 0x0000000085e00000, 0x0000000085e00000|100%| O|  |TAMS 0x0000000085d00000| PB 0x0000000085d00000| Untracked 
|  94|0x0000000085e00000, 0x0000000085f00000, 0x0000000085f00000|100%|HS|  |TAMS 0x0000000085e00000| PB 0x0000000085e00000| Complete 
|  95|0x0000000085f00000, 0x0000000086000000, 0x0000000086000000|100%|HS|  |TAMS 0x0000000085f00000| PB 0x0000000085f00000| Complete 
|  96|0x0000000086000000, 0x0000000086100000, 0x0000000086100000|100%| O|  |TAMS 0x0000000086000000| PB 0x0000000086000000| Untracked 
|  97|0x0000000086100000, 0x0000000086200000, 0x0000000086200000|100%| O|  |TAMS 0x0000000086100000| PB 0x0000000086100000| Untracked 
|  98|0x0000000086200000, 0x0000000086300000, 0x0000000086300000|100%| O|  |TAMS 0x0000000086200000| PB 0x0000000086200000| Untracked 
|  99|0x0000000086300000, 0x0000000086400000, 0x0000000086400000|100%|HS|  |TAMS 0x0000000086300000| PB 0x0000000086300000| Complete 
| 100|0x0000000086400000, 0x0000000086500000, 0x0000000086500000|100%|HC|  |TAMS 0x0000000086400000| PB 0x0000000086400000| Complete 
| 101|0x0000000086500000, 0x0000000086600000, 0x0000000086600000|100%|HC|  |TAMS 0x0000000086500000| PB 0x0000000086500000| Complete 
| 102|0x0000000086600000, 0x0000000086700000, 0x0000000086700000|100%|HC|  |TAMS 0x0000000086600000| PB 0x0000000086600000| Complete 
| 103|0x0000000086700000, 0x0000000086800000, 0x0000000086800000|100%|HC|  |TAMS 0x0000000086700000| PB 0x0000000086700000| Complete 
| 104|0x0000000086800000, 0x0000000086900000, 0x0000000086900000|100%|HC|  |TAMS 0x0000000086800000| PB 0x0000000086800000| Complete 
| 105|0x0000000086900000, 0x0000000086a00000, 0x0000000086a00000|100%| O|  |TAMS 0x0000000086900000| PB 0x0000000086900000| Untracked 
| 106|0x0000000086a00000, 0x0000000086b00000, 0x0000000086b00000|100%| O|  |TAMS 0x0000000086a00000| PB 0x0000000086a00000| Untracked 
| 107|0x0000000086b00000, 0x0000000086c00000, 0x0000000086c00000|100%| O|  |TAMS 0x0000000086b00000| PB 0x0000000086b00000| Untracked 
| 108|0x0000000086c00000, 0x0000000086c00000, 0x0000000086d00000|  0%| F|  |TAMS 0x0000000086c00000| PB 0x0000000086c00000| Untracked 
| 109|0x0000000086d00000, 0x0000000086d00000, 0x0000000086e00000|  0%| F|  |TAMS 0x0000000086d00000| PB 0x0000000086d00000| Untracked 
| 110|0x0000000086e00000, 0x0000000086e00000, 0x0000000086f00000|  0%| F|  |TAMS 0x0000000086e00000| PB 0x0000000086e00000| Untracked 
| 111|0x0000000086f00000, 0x0000000086f00000, 0x0000000087000000|  0%| F|  |TAMS 0x0000000086f00000| PB 0x0000000086f00000| Untracked 
| 112|0x0000000087000000, 0x0000000087000000, 0x0000000087100000|  0%| F|  |TAMS 0x0000000087000000| PB 0x0000000087000000| Untracked 
| 113|0x0000000087100000, 0x0000000087100000, 0x0000000087200000|  0%| F|  |TAMS 0x0000000087100000| PB 0x0000000087100000| Untracked 
| 114|0x0000000087200000, 0x0000000087300000, 0x0000000087300000|100%| S|CS|TAMS 0x0000000087200000| PB 0x0000000087200000| Complete 
| 115|0x0000000087300000, 0x0000000087400000, 0x0000000087400000|100%| S|CS|TAMS 0x0000000087300000| PB 0x0000000087300000| Complete 
| 116|0x0000000087400000, 0x0000000087500000, 0x0000000087500000|100%| S|CS|TAMS 0x0000000087400000| PB 0x0000000087400000| Complete 
| 117|0x0000000087500000, 0x0000000087600000, 0x0000000087600000|100%| S|CS|TAMS 0x0000000087500000| PB 0x0000000087500000| Complete 
| 118|0x0000000087600000, 0x0000000087700000, 0x0000000087700000|100%| S|CS|TAMS 0x0000000087600000| PB 0x0000000087600000| Complete 
| 119|0x0000000087700000, 0x0000000087800000, 0x0000000087800000|100%| S|CS|TAMS 0x0000000087700000| PB 0x0000000087700000| Complete 
| 120|0x0000000087800000, 0x0000000087900000, 0x0000000087900000|100%| S|CS|TAMS 0x0000000087800000| PB 0x0000000087800000| Complete 
| 121|0x0000000087900000, 0x0000000087a00000, 0x0000000087a00000|100%| S|CS|TAMS 0x0000000087900000| PB 0x0000000087900000| Complete 
| 122|0x0000000087a00000, 0x0000000087b00000, 0x0000000087b00000|100%| S|CS|TAMS 0x0000000087a00000| PB 0x0000000087a00000| Complete 
| 123|0x0000000087b00000, 0x0000000087c00000, 0x0000000087c00000|100%| S|CS|TAMS 0x0000000087b00000| PB 0x0000000087b00000| Complete 
| 124|0x0000000087c00000, 0x0000000087d00000, 0x0000000087d00000|100%| S|CS|TAMS 0x0000000087c00000| PB 0x0000000087c00000| Complete 
| 125|0x0000000087d00000, 0x0000000087e00000, 0x0000000087e00000|100%| S|CS|TAMS 0x0000000087d00000| PB 0x0000000087d00000| Complete 
| 126|0x0000000087e00000, 0x0000000087f00000, 0x0000000087f00000|100%| S|CS|TAMS 0x0000000087e00000| PB 0x0000000087e00000| Complete 
| 127|0x0000000087f00000, 0x0000000088000000, 0x0000000088000000|100%| S|CS|TAMS 0x0000000087f00000| PB 0x0000000087f00000| Complete 
| 128|0x0000000088000000, 0x0000000088100000, 0x0000000088100000|100%| S|CS|TAMS 0x0000000088000000| PB 0x0000000088000000| Complete 
| 129|0x0000000088100000, 0x0000000088100000, 0x0000000088200000|  0%| F|  |TAMS 0x0000000088100000| PB 0x0000000088100000| Untracked 
| 130|0x0000000088200000, 0x0000000088200000, 0x0000000088300000|  0%| F|  |TAMS 0x0000000088200000| PB 0x0000000088200000| Untracked 
| 131|0x0000000088300000, 0x0000000088300000, 0x0000000088400000|  0%| F|  |TAMS 0x0000000088300000| PB 0x0000000088300000| Untracked 
| 132|0x0000000088400000, 0x0000000088400000, 0x0000000088500000|  0%| F|  |TAMS 0x0000000088400000| PB 0x0000000088400000| Untracked 
| 133|0x0000000088500000, 0x0000000088500000, 0x0000000088600000|  0%| F|  |TAMS 0x0000000088500000| PB 0x0000000088500000| Untracked 
| 134|0x0000000088600000, 0x0000000088600000, 0x0000000088700000|  0%| F|  |TAMS 0x0000000088600000| PB 0x0000000088600000| Untracked 
| 135|0x0000000088700000, 0x0000000088700000, 0x0000000088800000|  0%| F|  |TAMS 0x0000000088700000| PB 0x0000000088700000| Untracked 
| 136|0x0000000088800000, 0x0000000088800000, 0x0000000088900000|  0%| F|  |TAMS 0x0000000088800000| PB 0x0000000088800000| Untracked 
| 137|0x0000000088900000, 0x0000000088900000, 0x0000000088a00000|  0%| F|  |TAMS 0x0000000088900000| PB 0x0000000088900000| Untracked 
| 138|0x0000000088a00000, 0x0000000088a00000, 0x0000000088b00000|  0%| F|  |TAMS 0x0000000088a00000| PB 0x0000000088a00000| Untracked 
| 139|0x0000000088b00000, 0x0000000088b00000, 0x0000000088c00000|  0%| F|  |TAMS 0x0000000088b00000| PB 0x0000000088b00000| Untracked 
| 140|0x0000000088c00000, 0x0000000088c00000, 0x0000000088d00000|  0%| F|  |TAMS 0x0000000088c00000| PB 0x0000000088c00000| Untracked 
| 141|0x0000000088d00000, 0x0000000088e00000, 0x0000000088e00000|100%| S|CS|TAMS 0x0000000088d00000| PB 0x0000000088d00000| Complete 
| 142|0x0000000088e00000, 0x0000000088f00000, 0x0000000088f00000|100%| S|CS|TAMS 0x0000000088e00000| PB 0x0000000088e00000| Complete 
| 143|0x0000000088f00000, 0x0000000089000000, 0x0000000089000000|100%| S|CS|TAMS 0x0000000088f00000| PB 0x0000000088f00000| Complete 
| 144|0x0000000089000000, 0x0000000089100000, 0x0000000089100000|100%| S|CS|TAMS 0x0000000089000000| PB 0x0000000089000000| Complete 
| 145|0x0000000089100000, 0x0000000089200000, 0x0000000089200000|100%| S|CS|TAMS 0x0000000089100000| PB 0x0000000089100000| Complete 
| 146|0x0000000089200000, 0x0000000089300000, 0x0000000089300000|100%| S|CS|TAMS 0x0000000089200000| PB 0x0000000089200000| Complete 
| 147|0x0000000089300000, 0x0000000089400000, 0x0000000089400000|100%| S|CS|TAMS 0x0000000089300000| PB 0x0000000089300000| Complete 
| 148|0x0000000089400000, 0x0000000089500000, 0x0000000089500000|100%| S|CS|TAMS 0x0000000089400000| PB 0x0000000089400000| Complete 
| 149|0x0000000089500000, 0x0000000089600000, 0x0000000089600000|100%| S|CS|TAMS 0x0000000089500000| PB 0x0000000089500000| Complete 
| 150|0x0000000089600000, 0x0000000089700000, 0x0000000089700000|100%| S|CS|TAMS 0x0000000089600000| PB 0x0000000089600000| Complete 
| 151|0x0000000089700000, 0x0000000089800000, 0x0000000089800000|100%| S|CS|TAMS 0x0000000089700000| PB 0x0000000089700000| Complete 
| 152|0x0000000089800000, 0x0000000089900000, 0x0000000089900000|100%| S|CS|TAMS 0x0000000089800000| PB 0x0000000089800000| Complete 
| 153|0x0000000089900000, 0x0000000089900000, 0x0000000089a00000|  0%| F|  |TAMS 0x0000000089900000| PB 0x0000000089900000| Untracked 
| 154|0x0000000089a00000, 0x0000000089a00000, 0x0000000089b00000|  0%| F|  |TAMS 0x0000000089a00000| PB 0x0000000089a00000| Untracked 
| 155|0x0000000089b00000, 0x0000000089b00000, 0x0000000089c00000|  0%| F|  |TAMS 0x0000000089b00000| PB 0x0000000089b00000| Untracked 
| 156|0x0000000089c00000, 0x0000000089c00000, 0x0000000089d00000|  0%| F|  |TAMS 0x0000000089c00000| PB 0x0000000089c00000| Untracked 
| 157|0x0000000089d00000, 0x0000000089d00000, 0x0000000089e00000|  0%| F|  |TAMS 0x0000000089d00000| PB 0x0000000089d00000| Untracked 
| 158|0x0000000089e00000, 0x0000000089e00000, 0x0000000089f00000|  0%| F|  |TAMS 0x0000000089e00000| PB 0x0000000089e00000| Untracked 
| 159|0x0000000089f00000, 0x0000000089f00000, 0x000000008a000000|  0%| F|  |TAMS 0x0000000089f00000| PB 0x0000000089f00000| Untracked 
| 160|0x000000008a000000, 0x000000008a000000, 0x000000008a100000|  0%| F|  |TAMS 0x000000008a000000| PB 0x000000008a000000| Untracked 
| 161|0x000000008a100000, 0x000000008a100000, 0x000000008a200000|  0%| F|  |TAMS 0x000000008a100000| PB 0x000000008a100000| Untracked 
| 162|0x000000008a200000, 0x000000008a200000, 0x000000008a300000|  0%| F|  |TAMS 0x000000008a200000| PB 0x000000008a200000| Untracked 
| 163|0x000000008a300000, 0x000000008a300000, 0x000000008a400000|  0%| F|  |TAMS 0x000000008a300000| PB 0x000000008a300000| Untracked 
| 164|0x000000008a400000, 0x000000008a400000, 0x000000008a500000|  0%| F|  |TAMS 0x000000008a400000| PB 0x000000008a400000| Untracked 
| 165|0x000000008a500000, 0x000000008a500000, 0x000000008a600000|  0%| F|  |TAMS 0x000000008a500000| PB 0x000000008a500000| Untracked 
| 166|0x000000008a600000, 0x000000008a600000, 0x000000008a700000|  0%| F|  |TAMS 0x000000008a600000| PB 0x000000008a600000| Untracked 
| 167|0x000000008a700000, 0x000000008a700000, 0x000000008a800000|  0%| F|  |TAMS 0x000000008a700000| PB 0x000000008a700000| Untracked 
| 168|0x000000008a800000, 0x000000008a800000, 0x000000008a900000|  0%| F|  |TAMS 0x000000008a800000| PB 0x000000008a800000| Untracked 
| 169|0x000000008a900000, 0x000000008a900000, 0x000000008aa00000|  0%| F|  |TAMS 0x000000008a900000| PB 0x000000008a900000| Untracked 
| 170|0x000000008aa00000, 0x000000008aa00000, 0x000000008ab00000|  0%| F|  |TAMS 0x000000008aa00000| PB 0x000000008aa00000| Untracked 
| 171|0x000000008ab00000, 0x000000008ab00000, 0x000000008ac00000|  0%| F|  |TAMS 0x000000008ab00000| PB 0x000000008ab00000| Untracked 
| 172|0x000000008ac00000, 0x000000008ac00000, 0x000000008ad00000|  0%| F|  |TAMS 0x000000008ac00000| PB 0x000000008ac00000| Untracked 
| 173|0x000000008ad00000, 0x000000008ad00000, 0x000000008ae00000|  0%| F|  |TAMS 0x000000008ad00000| PB 0x000000008ad00000| Untracked 
| 174|0x000000008ae00000, 0x000000008ae00000, 0x000000008af00000|  0%| F|  |TAMS 0x000000008ae00000| PB 0x000000008ae00000| Untracked 
| 175|0x000000008af00000, 0x000000008af00000, 0x000000008b000000|  0%| F|  |TAMS 0x000000008af00000| PB 0x000000008af00000| Untracked 
| 176|0x000000008b000000, 0x000000008b000000, 0x000000008b100000|  0%| F|  |TAMS 0x000000008b000000| PB 0x000000008b000000| Untracked 
| 177|0x000000008b100000, 0x000000008b100000, 0x000000008b200000|  0%| F|  |TAMS 0x000000008b100000| PB 0x000000008b100000| Untracked 
| 178|0x000000008b200000, 0x000000008b200000, 0x000000008b300000|  0%| F|  |TAMS 0x000000008b200000| PB 0x000000008b200000| Untracked 
| 179|0x000000008b300000, 0x000000008b300000, 0x000000008b400000|  0%| F|  |TAMS 0x000000008b300000| PB 0x000000008b300000| Untracked 
| 180|0x000000008b400000, 0x000000008b400000, 0x000000008b500000|  0%| F|  |TAMS 0x000000008b400000| PB 0x000000008b400000| Untracked 
| 181|0x000000008b500000, 0x000000008b500000, 0x000000008b600000|  0%| F|  |TAMS 0x000000008b500000| PB 0x000000008b500000| Untracked 
| 182|0x000000008b600000, 0x000000008b600000, 0x000000008b700000|  0%| F|  |TAMS 0x000000008b600000| PB 0x000000008b600000| Untracked 
| 183|0x000000008b700000, 0x000000008b700000, 0x000000008b800000|  0%| F|  |TAMS 0x000000008b700000| PB 0x000000008b700000| Untracked 
| 184|0x000000008b800000, 0x000000008b800000, 0x000000008b900000|  0%| F|  |TAMS 0x000000008b800000| PB 0x000000008b800000| Untracked 
| 185|0x000000008b900000, 0x000000008b900000, 0x000000008ba00000|  0%| F|  |TAMS 0x000000008b900000| PB 0x000000008b900000| Untracked 
| 186|0x000000008ba00000, 0x000000008ba00000, 0x000000008bb00000|  0%| F|  |TAMS 0x000000008ba00000| PB 0x000000008ba00000| Untracked 
| 187|0x000000008bb00000, 0x000000008bb00000, 0x000000008bc00000|  0%| F|  |TAMS 0x000000008bb00000| PB 0x000000008bb00000| Untracked 
| 188|0x000000008bc00000, 0x000000008bc00000, 0x000000008bd00000|  0%| F|  |TAMS 0x000000008bc00000| PB 0x000000008bc00000| Untracked 
| 189|0x000000008bd00000, 0x000000008bd00000, 0x000000008be00000|  0%| F|  |TAMS 0x000000008bd00000| PB 0x000000008bd00000| Untracked 
| 190|0x000000008be00000, 0x000000008be00000, 0x000000008bf00000|  0%| F|  |TAMS 0x000000008be00000| PB 0x000000008be00000| Untracked 
| 191|0x000000008bf00000, 0x000000008bf00000, 0x000000008c000000|  0%| F|  |TAMS 0x000000008bf00000| PB 0x000000008bf00000| Untracked 
| 192|0x000000008c000000, 0x000000008c000000, 0x000000008c100000|  0%| F|  |TAMS 0x000000008c000000| PB 0x000000008c000000| Untracked 
| 193|0x000000008c100000, 0x000000008c100000, 0x000000008c200000|  0%| F|  |TAMS 0x000000008c100000| PB 0x000000008c100000| Untracked 
| 194|0x000000008c200000, 0x000000008c200000, 0x000000008c300000|  0%| F|  |TAMS 0x000000008c200000| PB 0x000000008c200000| Untracked 
| 195|0x000000008c300000, 0x000000008c300000, 0x000000008c400000|  0%| F|  |TAMS 0x000000008c300000| PB 0x000000008c300000| Untracked 
| 196|0x000000008c400000, 0x000000008c400000, 0x000000008c500000|  0%| F|  |TAMS 0x000000008c400000| PB 0x000000008c400000| Untracked 
| 197|0x000000008c500000, 0x000000008c500000, 0x000000008c600000|  0%| F|  |TAMS 0x000000008c500000| PB 0x000000008c500000| Untracked 
| 198|0x000000008c600000, 0x000000008c600000, 0x000000008c700000|  0%| F|  |TAMS 0x000000008c600000| PB 0x000000008c600000| Untracked 
| 199|0x000000008c700000, 0x000000008c700000, 0x000000008c800000|  0%| F|  |TAMS 0x000000008c700000| PB 0x000000008c700000| Untracked 
| 200|0x000000008c800000, 0x000000008c800000, 0x000000008c900000|  0%| F|  |TAMS 0x000000008c800000| PB 0x000000008c800000| Untracked 
| 201|0x000000008c900000, 0x000000008c900000, 0x000000008ca00000|  0%| F|  |TAMS 0x000000008c900000| PB 0x000000008c900000| Untracked 
| 202|0x000000008ca00000, 0x000000008ca00000, 0x000000008cb00000|  0%| F|  |TAMS 0x000000008ca00000| PB 0x000000008ca00000| Untracked 
| 203|0x000000008cb00000, 0x000000008cb00000, 0x000000008cc00000|  0%| F|  |TAMS 0x000000008cb00000| PB 0x000000008cb00000| Untracked 
| 204|0x000000008cc00000, 0x000000008cc00000, 0x000000008cd00000|  0%| F|  |TAMS 0x000000008cc00000| PB 0x000000008cc00000| Untracked 
| 205|0x000000008cd00000, 0x000000008cd00000, 0x000000008ce00000|  0%| F|  |TAMS 0x000000008cd00000| PB 0x000000008cd00000| Untracked 
| 206|0x000000008ce00000, 0x000000008ce00000, 0x000000008cf00000|  0%| F|  |TAMS 0x000000008ce00000| PB 0x000000008ce00000| Untracked 
| 207|0x000000008cf00000, 0x000000008cf00000, 0x000000008d000000|  0%| F|  |TAMS 0x000000008cf00000| PB 0x000000008cf00000| Untracked 
| 208|0x000000008d000000, 0x000000008d000000, 0x000000008d100000|  0%| F|  |TAMS 0x000000008d000000| PB 0x000000008d000000| Untracked 
| 209|0x000000008d100000, 0x000000008d100000, 0x000000008d200000|  0%| F|  |TAMS 0x000000008d100000| PB 0x000000008d100000| Untracked 
| 210|0x000000008d200000, 0x000000008d200000, 0x000000008d300000|  0%| F|  |TAMS 0x000000008d200000| PB 0x000000008d200000| Untracked 
| 211|0x000000008d300000, 0x000000008d300000, 0x000000008d400000|  0%| F|  |TAMS 0x000000008d300000| PB 0x000000008d300000| Untracked 
| 212|0x000000008d400000, 0x000000008d400000, 0x000000008d500000|  0%| F|  |TAMS 0x000000008d400000| PB 0x000000008d400000| Untracked 
| 213|0x000000008d500000, 0x000000008d500000, 0x000000008d600000|  0%| F|  |TAMS 0x000000008d500000| PB 0x000000008d500000| Untracked 
| 214|0x000000008d600000, 0x000000008d600000, 0x000000008d700000|  0%| F|  |TAMS 0x000000008d600000| PB 0x000000008d600000| Untracked 
| 215|0x000000008d700000, 0x000000008d700000, 0x000000008d800000|  0%| F|  |TAMS 0x000000008d700000| PB 0x000000008d700000| Untracked 
| 216|0x000000008d800000, 0x000000008d800000, 0x000000008d900000|  0%| F|  |TAMS 0x000000008d800000| PB 0x000000008d800000| Untracked 
| 217|0x000000008d900000, 0x000000008d900000, 0x000000008da00000|  0%| F|  |TAMS 0x000000008d900000| PB 0x000000008d900000| Untracked 
| 218|0x000000008da00000, 0x000000008da00000, 0x000000008db00000|  0%| F|  |TAMS 0x000000008da00000| PB 0x000000008da00000| Untracked 
| 219|0x000000008db00000, 0x000000008db00000, 0x000000008dc00000|  0%| F|  |TAMS 0x000000008db00000| PB 0x000000008db00000| Untracked 
| 220|0x000000008dc00000, 0x000000008dc00000, 0x000000008dd00000|  0%| F|  |TAMS 0x000000008dc00000| PB 0x000000008dc00000| Untracked 
| 221|0x000000008dd00000, 0x000000008dd00000, 0x000000008de00000|  0%| F|  |TAMS 0x000000008dd00000| PB 0x000000008dd00000| Untracked 
| 222|0x000000008de00000, 0x000000008de00000, 0x000000008df00000|  0%| F|  |TAMS 0x000000008de00000| PB 0x000000008de00000| Untracked 
| 223|0x000000008df00000, 0x000000008df00000, 0x000000008e000000|  0%| F|  |TAMS 0x000000008df00000| PB 0x000000008df00000| Untracked 
| 224|0x000000008e000000, 0x000000008e000000, 0x000000008e100000|  0%| F|  |TAMS 0x000000008e000000| PB 0x000000008e000000| Untracked 
| 225|0x000000008e100000, 0x000000008e100000, 0x000000008e200000|  0%| F|  |TAMS 0x000000008e100000| PB 0x000000008e100000| Untracked 
| 226|0x000000008e200000, 0x000000008e200000, 0x000000008e300000|  0%| F|  |TAMS 0x000000008e200000| PB 0x000000008e200000| Untracked 
| 227|0x000000008e300000, 0x000000008e300000, 0x000000008e400000|  0%| F|  |TAMS 0x000000008e300000| PB 0x000000008e300000| Untracked 
| 228|0x000000008e400000, 0x000000008e400000, 0x000000008e500000|  0%| F|  |TAMS 0x000000008e400000| PB 0x000000008e400000| Untracked 
| 229|0x000000008e500000, 0x000000008e500000, 0x000000008e600000|  0%| F|  |TAMS 0x000000008e500000| PB 0x000000008e500000| Untracked 
| 230|0x000000008e600000, 0x000000008e600000, 0x000000008e700000|  0%| F|  |TAMS 0x000000008e600000| PB 0x000000008e600000| Untracked 
| 231|0x000000008e700000, 0x000000008e700000, 0x000000008e800000|  0%| F|  |TAMS 0x000000008e700000| PB 0x000000008e700000| Untracked 
| 232|0x000000008e800000, 0x000000008e800000, 0x000000008e900000|  0%| F|  |TAMS 0x000000008e800000| PB 0x000000008e800000| Untracked 
| 233|0x000000008e900000, 0x000000008e900000, 0x000000008ea00000|  0%| F|  |TAMS 0x000000008e900000| PB 0x000000008e900000| Untracked 
| 234|0x000000008ea00000, 0x000000008ea00000, 0x000000008eb00000|  0%| F|  |TAMS 0x000000008ea00000| PB 0x000000008ea00000| Untracked 
| 235|0x000000008eb00000, 0x000000008eb00000, 0x000000008ec00000|  0%| F|  |TAMS 0x000000008eb00000| PB 0x000000008eb00000| Untracked 
| 236|0x000000008ec00000, 0x000000008ec00000, 0x000000008ed00000|  0%| F|  |TAMS 0x000000008ec00000| PB 0x000000008ec00000| Untracked 
| 237|0x000000008ed00000, 0x000000008ed00000, 0x000000008ee00000|  0%| F|  |TAMS 0x000000008ed00000| PB 0x000000008ed00000| Untracked 
| 238|0x000000008ee00000, 0x000000008ee00000, 0x000000008ef00000|  0%| F|  |TAMS 0x000000008ee00000| PB 0x000000008ee00000| Untracked 
| 239|0x000000008ef00000, 0x000000008ef00000, 0x000000008f000000|  0%| F|  |TAMS 0x000000008ef00000| PB 0x000000008ef00000| Untracked 
| 240|0x000000008f000000, 0x000000008f000000, 0x000000008f100000|  0%| F|  |TAMS 0x000000008f000000| PB 0x000000008f000000| Untracked 
| 241|0x000000008f100000, 0x000000008f100000, 0x000000008f200000|  0%| F|  |TAMS 0x000000008f100000| PB 0x000000008f100000| Untracked 
| 242|0x000000008f200000, 0x000000008f200000, 0x000000008f300000|  0%| F|  |TAMS 0x000000008f200000| PB 0x000000008f200000| Untracked 
| 243|0x000000008f300000, 0x000000008f300000, 0x000000008f400000|  0%| F|  |TAMS 0x000000008f300000| PB 0x000000008f300000| Untracked 
| 244|0x000000008f400000, 0x000000008f400000, 0x000000008f500000|  0%| F|  |TAMS 0x000000008f400000| PB 0x000000008f400000| Untracked 
| 245|0x000000008f500000, 0x000000008f500000, 0x000000008f600000|  0%| F|  |TAMS 0x000000008f500000| PB 0x000000008f500000| Untracked 
| 246|0x000000008f600000, 0x000000008f600000, 0x000000008f700000|  0%| F|  |TAMS 0x000000008f600000| PB 0x000000008f600000| Untracked 
| 247|0x000000008f700000, 0x000000008f700000, 0x000000008f800000|  0%| F|  |TAMS 0x000000008f700000| PB 0x000000008f700000| Untracked 
| 248|0x000000008f800000, 0x000000008f800000, 0x000000008f900000|  0%| F|  |TAMS 0x000000008f800000| PB 0x000000008f800000| Untracked 
| 249|0x000000008f900000, 0x000000008f900000, 0x000000008fa00000|  0%| F|  |TAMS 0x000000008f900000| PB 0x000000008f900000| Untracked 
| 250|0x000000008fa00000, 0x000000008fa00000, 0x000000008fb00000|  0%| F|  |TAMS 0x000000008fa00000| PB 0x000000008fa00000| Untracked 
| 251|0x000000008fb00000, 0x000000008fb00000, 0x000000008fc00000|  0%| F|  |TAMS 0x000000008fb00000| PB 0x000000008fb00000| Untracked 
| 252|0x000000008fc00000, 0x000000008fc00000, 0x000000008fd00000|  0%| F|  |TAMS 0x000000008fc00000| PB 0x000000008fc00000| Untracked 
| 253|0x000000008fd00000, 0x000000008fd00000, 0x000000008fe00000|  0%| F|  |TAMS 0x000000008fd00000| PB 0x000000008fd00000| Untracked 
| 254|0x000000008fe00000, 0x000000008fe00000, 0x000000008ff00000|  0%| F|  |TAMS 0x000000008fe00000| PB 0x000000008fe00000| Untracked 
| 255|0x000000008ff00000, 0x000000008ff00000, 0x0000000090000000|  0%| F|  |TAMS 0x000000008ff00000| PB 0x000000008ff00000| Untracked 
| 256|0x0000000090000000, 0x0000000090000000, 0x0000000090100000|  0%| F|  |TAMS 0x0000000090000000| PB 0x0000000090000000| Untracked 
| 257|0x0000000090100000, 0x0000000090100000, 0x0000000090200000|  0%| F|  |TAMS 0x0000000090100000| PB 0x0000000090100000| Untracked 
| 258|0x0000000090200000, 0x0000000090200000, 0x0000000090300000|  0%| F|  |TAMS 0x0000000090200000| PB 0x0000000090200000| Untracked 
| 259|0x0000000090300000, 0x0000000090300000, 0x0000000090400000|  0%| F|  |TAMS 0x0000000090300000| PB 0x0000000090300000| Untracked 
| 260|0x0000000090400000, 0x0000000090400000, 0x0000000090500000|  0%| F|  |TAMS 0x0000000090400000| PB 0x0000000090400000| Untracked 
| 261|0x0000000090500000, 0x0000000090500000, 0x0000000090600000|  0%| F|  |TAMS 0x0000000090500000| PB 0x0000000090500000| Untracked 
| 262|0x0000000090600000, 0x0000000090600000, 0x0000000090700000|  0%| F|  |TAMS 0x0000000090600000| PB 0x0000000090600000| Untracked 
| 263|0x0000000090700000, 0x0000000090700000, 0x0000000090800000|  0%| F|  |TAMS 0x0000000090700000| PB 0x0000000090700000| Untracked 
| 264|0x0000000090800000, 0x0000000090800000, 0x0000000090900000|  0%| F|  |TAMS 0x0000000090800000| PB 0x0000000090800000| Untracked 
| 265|0x0000000090900000, 0x0000000090900000, 0x0000000090a00000|  0%| F|  |TAMS 0x0000000090900000| PB 0x0000000090900000| Untracked 
| 266|0x0000000090a00000, 0x0000000090a00000, 0x0000000090b00000|  0%| F|  |TAMS 0x0000000090a00000| PB 0x0000000090a00000| Untracked 
| 267|0x0000000090b00000, 0x0000000090b00000, 0x0000000090c00000|  0%| F|  |TAMS 0x0000000090b00000| PB 0x0000000090b00000| Untracked 
| 268|0x0000000090c00000, 0x0000000090c00000, 0x0000000090d00000|  0%| F|  |TAMS 0x0000000090c00000| PB 0x0000000090c00000| Untracked 
| 269|0x0000000090d00000, 0x0000000090d00000, 0x0000000090e00000|  0%| F|  |TAMS 0x0000000090d00000| PB 0x0000000090d00000| Untracked 
| 270|0x0000000090e00000, 0x0000000090e00000, 0x0000000090f00000|  0%| F|  |TAMS 0x0000000090e00000| PB 0x0000000090e00000| Untracked 
| 271|0x0000000090f00000, 0x0000000090f00000, 0x0000000091000000|  0%| F|  |TAMS 0x0000000090f00000| PB 0x0000000090f00000| Untracked 
| 272|0x0000000091000000, 0x0000000091000000, 0x0000000091100000|  0%| F|  |TAMS 0x0000000091000000| PB 0x0000000091000000| Untracked 
| 273|0x0000000091100000, 0x0000000091100000, 0x0000000091200000|  0%| F|  |TAMS 0x0000000091100000| PB 0x0000000091100000| Untracked 
| 274|0x0000000091200000, 0x0000000091200000, 0x0000000091300000|  0%| F|  |TAMS 0x0000000091200000| PB 0x0000000091200000| Untracked 
| 275|0x0000000091300000, 0x0000000091300000, 0x0000000091400000|  0%| F|  |TAMS 0x0000000091300000| PB 0x0000000091300000| Untracked 
| 276|0x0000000091400000, 0x0000000091400000, 0x0000000091500000|  0%| F|  |TAMS 0x0000000091400000| PB 0x0000000091400000| Untracked 
| 277|0x0000000091500000, 0x0000000091500000, 0x0000000091600000|  0%| F|  |TAMS 0x0000000091500000| PB 0x0000000091500000| Untracked 
| 278|0x0000000091600000, 0x0000000091600000, 0x0000000091700000|  0%| F|  |TAMS 0x0000000091600000| PB 0x0000000091600000| Untracked 
| 279|0x0000000091700000, 0x0000000091700000, 0x0000000091800000|  0%| F|  |TAMS 0x0000000091700000| PB 0x0000000091700000| Untracked 
| 280|0x0000000091800000, 0x0000000091800000, 0x0000000091900000|  0%| F|  |TAMS 0x0000000091800000| PB 0x0000000091800000| Untracked 
| 281|0x0000000091900000, 0x0000000091900000, 0x0000000091a00000|  0%| F|  |TAMS 0x0000000091900000| PB 0x0000000091900000| Untracked 
| 282|0x0000000091a00000, 0x0000000091a00000, 0x0000000091b00000|  0%| F|  |TAMS 0x0000000091a00000| PB 0x0000000091a00000| Untracked 
| 283|0x0000000091b00000, 0x0000000091b00000, 0x0000000091c00000|  0%| F|  |TAMS 0x0000000091b00000| PB 0x0000000091b00000| Untracked 
| 284|0x0000000091c00000, 0x0000000091c00000, 0x0000000091d00000|  0%| F|  |TAMS 0x0000000091c00000| PB 0x0000000091c00000| Untracked 
| 285|0x0000000091d00000, 0x0000000091d00000, 0x0000000091e00000|  0%| F|  |TAMS 0x0000000091d00000| PB 0x0000000091d00000| Untracked 
| 286|0x0000000091e00000, 0x0000000091e00000, 0x0000000091f00000|  0%| F|  |TAMS 0x0000000091e00000| PB 0x0000000091e00000| Untracked 
| 287|0x0000000091f00000, 0x0000000091f00000, 0x0000000092000000|  0%| F|  |TAMS 0x0000000091f00000| PB 0x0000000091f00000| Untracked 
| 288|0x0000000092000000, 0x0000000092000000, 0x0000000092100000|  0%| F|  |TAMS 0x0000000092000000| PB 0x0000000092000000| Untracked 
| 289|0x0000000092100000, 0x0000000092100000, 0x0000000092200000|  0%| F|  |TAMS 0x0000000092100000| PB 0x0000000092100000| Untracked 
| 290|0x0000000092200000, 0x0000000092200000, 0x0000000092300000|  0%| F|  |TAMS 0x0000000092200000| PB 0x0000000092200000| Untracked 
| 291|0x0000000092300000, 0x0000000092300000, 0x0000000092400000|  0%| F|  |TAMS 0x0000000092300000| PB 0x0000000092300000| Untracked 
| 292|0x0000000092400000, 0x0000000092400000, 0x0000000092500000|  0%| F|  |TAMS 0x0000000092400000| PB 0x0000000092400000| Untracked 
| 293|0x0000000092500000, 0x0000000092500000, 0x0000000092600000|  0%| F|  |TAMS 0x0000000092500000| PB 0x0000000092500000| Untracked 
| 294|0x0000000092600000, 0x0000000092600000, 0x0000000092700000|  0%| F|  |TAMS 0x0000000092600000| PB 0x0000000092600000| Untracked 
| 295|0x0000000092700000, 0x0000000092700000, 0x0000000092800000|  0%| F|  |TAMS 0x0000000092700000| PB 0x0000000092700000| Untracked 
| 296|0x0000000092800000, 0x0000000092800000, 0x0000000092900000|  0%| F|  |TAMS 0x0000000092800000| PB 0x0000000092800000| Untracked 
| 297|0x0000000092900000, 0x0000000092900000, 0x0000000092a00000|  0%| F|  |TAMS 0x0000000092900000| PB 0x0000000092900000| Untracked 
| 298|0x0000000092a00000, 0x0000000092a00000, 0x0000000092b00000|  0%| F|  |TAMS 0x0000000092a00000| PB 0x0000000092a00000| Untracked 
| 299|0x0000000092b00000, 0x0000000092b00000, 0x0000000092c00000|  0%| F|  |TAMS 0x0000000092b00000| PB 0x0000000092b00000| Untracked 
| 300|0x0000000092c00000, 0x0000000092c00000, 0x0000000092d00000|  0%| F|  |TAMS 0x0000000092c00000| PB 0x0000000092c00000| Untracked 
| 301|0x0000000092d00000, 0x0000000092d00000, 0x0000000092e00000|  0%| F|  |TAMS 0x0000000092d00000| PB 0x0000000092d00000| Untracked 
| 302|0x0000000092e00000, 0x0000000092e00000, 0x0000000092f00000|  0%| F|  |TAMS 0x0000000092e00000| PB 0x0000000092e00000| Untracked 
| 303|0x0000000092f00000, 0x0000000092f00000, 0x0000000093000000|  0%| F|  |TAMS 0x0000000092f00000| PB 0x0000000092f00000| Untracked 
| 304|0x0000000093000000, 0x0000000093000000, 0x0000000093100000|  0%| F|  |TAMS 0x0000000093000000| PB 0x0000000093000000| Untracked 
| 305|0x0000000093100000, 0x0000000093100000, 0x0000000093200000|  0%| F|  |TAMS 0x0000000093100000| PB 0x0000000093100000| Untracked 
| 306|0x0000000093200000, 0x0000000093200000, 0x0000000093300000|  0%| F|  |TAMS 0x0000000093200000| PB 0x0000000093200000| Untracked 
| 307|0x0000000093300000, 0x0000000093300000, 0x0000000093400000|  0%| F|  |TAMS 0x0000000093300000| PB 0x0000000093300000| Untracked 
| 308|0x0000000093400000, 0x0000000093400000, 0x0000000093500000|  0%| F|  |TAMS 0x0000000093400000| PB 0x0000000093400000| Untracked 
| 309|0x0000000093500000, 0x0000000093500000, 0x0000000093600000|  0%| F|  |TAMS 0x0000000093500000| PB 0x0000000093500000| Untracked 
| 310|0x0000000093600000, 0x0000000093600000, 0x0000000093700000|  0%| F|  |TAMS 0x0000000093600000| PB 0x0000000093600000| Untracked 
| 311|0x0000000093700000, 0x0000000093700000, 0x0000000093800000|  0%| F|  |TAMS 0x0000000093700000| PB 0x0000000093700000| Untracked 
| 312|0x0000000093800000, 0x0000000093800000, 0x0000000093900000|  0%| F|  |TAMS 0x0000000093800000| PB 0x0000000093800000| Untracked 
| 313|0x0000000093900000, 0x0000000093900000, 0x0000000093a00000|  0%| F|  |TAMS 0x0000000093900000| PB 0x0000000093900000| Untracked 
| 314|0x0000000093a00000, 0x0000000093a00000, 0x0000000093b00000|  0%| F|  |TAMS 0x0000000093a00000| PB 0x0000000093a00000| Untracked 
| 315|0x0000000093b00000, 0x0000000093b00000, 0x0000000093c00000|  0%| F|  |TAMS 0x0000000093b00000| PB 0x0000000093b00000| Untracked 
| 316|0x0000000093c00000, 0x0000000093c00000, 0x0000000093d00000|  0%| F|  |TAMS 0x0000000093c00000| PB 0x0000000093c00000| Untracked 
| 317|0x0000000093d00000, 0x0000000093d00000, 0x0000000093e00000|  0%| F|  |TAMS 0x0000000093d00000| PB 0x0000000093d00000| Untracked 
| 318|0x0000000093e00000, 0x0000000093e00000, 0x0000000093f00000|  0%| F|  |TAMS 0x0000000093e00000| PB 0x0000000093e00000| Untracked 
| 319|0x0000000093f00000, 0x0000000093f00000, 0x0000000094000000|  0%| F|  |TAMS 0x0000000093f00000| PB 0x0000000093f00000| Untracked 
| 320|0x0000000094000000, 0x0000000094000000, 0x0000000094100000|  0%| F|  |TAMS 0x0000000094000000| PB 0x0000000094000000| Untracked 
| 321|0x0000000094100000, 0x0000000094100000, 0x0000000094200000|  0%| F|  |TAMS 0x0000000094100000| PB 0x0000000094100000| Untracked 
| 322|0x0000000094200000, 0x0000000094200000, 0x0000000094300000|  0%| F|  |TAMS 0x0000000094200000| PB 0x0000000094200000| Untracked 
| 323|0x0000000094300000, 0x0000000094300000, 0x0000000094400000|  0%| F|  |TAMS 0x0000000094300000| PB 0x0000000094300000| Untracked 
| 324|0x0000000094400000, 0x0000000094400000, 0x0000000094500000|  0%| F|  |TAMS 0x0000000094400000| PB 0x0000000094400000| Untracked 
| 325|0x0000000094500000, 0x0000000094500000, 0x0000000094600000|  0%| F|  |TAMS 0x0000000094500000| PB 0x0000000094500000| Untracked 
| 326|0x0000000094600000, 0x0000000094600000, 0x0000000094700000|  0%| F|  |TAMS 0x0000000094600000| PB 0x0000000094600000| Untracked 
| 327|0x0000000094700000, 0x0000000094700000, 0x0000000094800000|  0%| F|  |TAMS 0x0000000094700000| PB 0x0000000094700000| Untracked 
| 328|0x0000000094800000, 0x0000000094800000, 0x0000000094900000|  0%| F|  |TAMS 0x0000000094800000| PB 0x0000000094800000| Untracked 
| 329|0x0000000094900000, 0x0000000094900000, 0x0000000094a00000|  0%| F|  |TAMS 0x0000000094900000| PB 0x0000000094900000| Untracked 
| 330|0x0000000094a00000, 0x0000000094a00000, 0x0000000094b00000|  0%| F|  |TAMS 0x0000000094a00000| PB 0x0000000094a00000| Untracked 
| 331|0x0000000094b00000, 0x0000000094b00000, 0x0000000094c00000|  0%| F|  |TAMS 0x0000000094b00000| PB 0x0000000094b00000| Untracked 
| 332|0x0000000094c00000, 0x0000000094c00000, 0x0000000094d00000|  0%| F|  |TAMS 0x0000000094c00000| PB 0x0000000094c00000| Untracked 
| 333|0x0000000094d00000, 0x0000000094d00000, 0x0000000094e00000|  0%| F|  |TAMS 0x0000000094d00000| PB 0x0000000094d00000| Untracked 
| 334|0x0000000094e00000, 0x0000000094e00000, 0x0000000094f00000|  0%| F|  |TAMS 0x0000000094e00000| PB 0x0000000094e00000| Untracked 
| 335|0x0000000094f00000, 0x0000000094f00000, 0x0000000095000000|  0%| F|  |TAMS 0x0000000094f00000| PB 0x0000000094f00000| Untracked 
| 336|0x0000000095000000, 0x0000000095000000, 0x0000000095100000|  0%| F|  |TAMS 0x0000000095000000| PB 0x0000000095000000| Untracked 
| 337|0x0000000095100000, 0x0000000095100000, 0x0000000095200000|  0%| F|  |TAMS 0x0000000095100000| PB 0x0000000095100000| Untracked 
| 338|0x0000000095200000, 0x0000000095200000, 0x0000000095300000|  0%| F|  |TAMS 0x0000000095200000| PB 0x0000000095200000| Untracked 
| 339|0x0000000095300000, 0x0000000095300000, 0x0000000095400000|  0%| F|  |TAMS 0x0000000095300000| PB 0x0000000095300000| Untracked 
| 340|0x0000000095400000, 0x0000000095400000, 0x0000000095500000|  0%| F|  |TAMS 0x0000000095400000| PB 0x0000000095400000| Untracked 
| 341|0x0000000095500000, 0x0000000095500000, 0x0000000095600000|  0%| F|  |TAMS 0x0000000095500000| PB 0x0000000095500000| Untracked 
| 342|0x0000000095600000, 0x0000000095600000, 0x0000000095700000|  0%| F|  |TAMS 0x0000000095600000| PB 0x0000000095600000| Untracked 
| 343|0x0000000095700000, 0x0000000095700000, 0x0000000095800000|  0%| F|  |TAMS 0x0000000095700000| PB 0x0000000095700000| Untracked 
| 344|0x0000000095800000, 0x0000000095800000, 0x0000000095900000|  0%| F|  |TAMS 0x0000000095800000| PB 0x0000000095800000| Untracked 
| 345|0x0000000095900000, 0x0000000095900000, 0x0000000095a00000|  0%| F|  |TAMS 0x0000000095900000| PB 0x0000000095900000| Untracked 
| 346|0x0000000095a00000, 0x0000000095a00000, 0x0000000095b00000|  0%| F|  |TAMS 0x0000000095a00000| PB 0x0000000095a00000| Untracked 
| 347|0x0000000095b00000, 0x0000000095b00000, 0x0000000095c00000|  0%| F|  |TAMS 0x0000000095b00000| PB 0x0000000095b00000| Untracked 
| 348|0x0000000095c00000, 0x0000000095c00000, 0x0000000095d00000|  0%| F|  |TAMS 0x0000000095c00000| PB 0x0000000095c00000| Untracked 
| 349|0x0000000095d00000, 0x0000000095d00000, 0x0000000095e00000|  0%| F|  |TAMS 0x0000000095d00000| PB 0x0000000095d00000| Untracked 
| 350|0x0000000095e00000, 0x0000000095e00000, 0x0000000095f00000|  0%| F|  |TAMS 0x0000000095e00000| PB 0x0000000095e00000| Untracked 
| 351|0x0000000095f00000, 0x0000000095f00000, 0x0000000096000000|  0%| F|  |TAMS 0x0000000095f00000| PB 0x0000000095f00000| Untracked 
| 352|0x0000000096000000, 0x0000000096000000, 0x0000000096100000|  0%| F|  |TAMS 0x0000000096000000| PB 0x0000000096000000| Untracked 
| 353|0x0000000096100000, 0x0000000096100000, 0x0000000096200000|  0%| F|  |TAMS 0x0000000096100000| PB 0x0000000096100000| Untracked 
| 354|0x0000000096200000, 0x0000000096200000, 0x0000000096300000|  0%| F|  |TAMS 0x0000000096200000| PB 0x0000000096200000| Untracked 
| 355|0x0000000096300000, 0x0000000096300000, 0x0000000096400000|  0%| F|  |TAMS 0x0000000096300000| PB 0x0000000096300000| Untracked 
| 356|0x0000000096400000, 0x0000000096400000, 0x0000000096500000|  0%| F|  |TAMS 0x0000000096400000| PB 0x0000000096400000| Untracked 
| 357|0x0000000096500000, 0x0000000096500000, 0x0000000096600000|  0%| F|  |TAMS 0x0000000096500000| PB 0x0000000096500000| Untracked 
| 358|0x0000000096600000, 0x0000000096600000, 0x0000000096700000|  0%| F|  |TAMS 0x0000000096600000| PB 0x0000000096600000| Untracked 
| 359|0x0000000096700000, 0x0000000096700000, 0x0000000096800000|  0%| F|  |TAMS 0x0000000096700000| PB 0x0000000096700000| Untracked 
| 360|0x0000000096800000, 0x0000000096800000, 0x0000000096900000|  0%| F|  |TAMS 0x0000000096800000| PB 0x0000000096800000| Untracked 
| 361|0x0000000096900000, 0x0000000096900000, 0x0000000096a00000|  0%| F|  |TAMS 0x0000000096900000| PB 0x0000000096900000| Untracked 
| 362|0x0000000096a00000, 0x0000000096a00000, 0x0000000096b00000|  0%| F|  |TAMS 0x0000000096a00000| PB 0x0000000096a00000| Untracked 
| 363|0x0000000096b00000, 0x0000000096b00000, 0x0000000096c00000|  0%| F|  |TAMS 0x0000000096b00000| PB 0x0000000096b00000| Untracked 
| 364|0x0000000096c00000, 0x0000000096c00000, 0x0000000096d00000|  0%| F|  |TAMS 0x0000000096c00000| PB 0x0000000096c00000| Untracked 
| 365|0x0000000096d00000, 0x0000000096d00000, 0x0000000096e00000|  0%| F|  |TAMS 0x0000000096d00000| PB 0x0000000096d00000| Untracked 
| 366|0x0000000096e00000, 0x0000000096e00000, 0x0000000096f00000|  0%| F|  |TAMS 0x0000000096e00000| PB 0x0000000096e00000| Untracked 
| 367|0x0000000096f00000, 0x0000000096f00000, 0x0000000097000000|  0%| F|  |TAMS 0x0000000096f00000| PB 0x0000000096f00000| Untracked 
|2045|0x00000000ffd00000, 0x00000000ffd00000, 0x00000000ffe00000|  0%| F|  |TAMS 0x00000000ffd00000| PB 0x00000000ffd00000| Untracked 
|2046|0x00000000ffe00000, 0x00000000fff00000, 0x00000000fff00000|100%| O|  |TAMS 0x00000000ffe00000| PB 0x00000000ffe00000| Untracked 
|2047|0x00000000fff00000, 0x0000000100000000, 0x0000000100000000|100%| O|  |TAMS 0x00000000fff00000| PB 0x00000000fff00000| Untracked 

Card table byte_map: [0x000002a1b6ae0000,0x000002a1b6ee0000] _byte_map_base: 0x000002a1b66e0000

Marking Bits: (CMBitMap*) 0x000002a1a4089a10
 Bits: [0x000002a1b6ee0000, 0x000002a1b8ee0000)

Polling page: 0x000002a1a1d30000

Metaspace:

Usage:
  Non-class:     60.17 MB used.
      Class:      9.65 MB used.
       Both:     69.83 MB used.

Virtual space:
  Non-class space:       64.00 MB reserved,      61.00 MB ( 95%) committed,  1 nodes.
      Class space:        1.00 GB reserved,      10.50 MB (  1%) committed,  1 nodes.
             Both:        1.06 GB reserved,      71.50 MB (  7%) committed. 

Chunk freelists:
   Non-Class:  2.63 MB
       Class:  5.56 MB
        Both:  8.19 MB

MaxMetaspaceSize: unlimited
CompressedClassSpaceSize: 1.00 GB
Initial GC threshold: 21.00 MB
Current GC threshold: 116.19 MB
CDS: off
 - commit_granule_bytes: 65536.
 - commit_granule_words: 8192.
 - virtual_space_node_default_size: 8388608.
 - enlarge_chunks_in_place: 1.
 - use_allocation_guard: 0.


Internal statistics:

num_allocs_failed_limit: 9.
num_arena_births: 3268.
num_arena_deaths: 10.
num_vsnodes_births: 2.
num_vsnodes_deaths: 0.
num_space_committed: 1144.
num_space_uncommitted: 0.
num_chunks_returned_to_freelist: 27.
num_chunks_taken_from_freelist: 6261.
num_chunk_merges: 7.
num_chunk_splits: 4045.
num_chunks_enlarged: 2485.
num_inconsistent_stats: 0.

CodeHeap 'non-profiled nmethods': size=120000Kb used=6762Kb max_used=7043Kb free=113237Kb
 bounds [0x000002a1aec60000, 0x000002a1af350000, 0x000002a1b6190000]
CodeHeap 'profiled nmethods': size=120000Kb used=14173Kb max_used=14214Kb free=105827Kb
 bounds [0x000002a1a7190000, 0x000002a1a7f80000, 0x000002a1ae6c0000]
CodeHeap 'non-nmethods': size=5760Kb used=1888Kb max_used=1973Kb free=3871Kb
 bounds [0x000002a1ae6c0000, 0x000002a1ae930000, 0x000002a1aec60000]
CodeCache: size=245760Kb, used=22823Kb, max_used=23230Kb, free=222935Kb
 total_blobs=9082, nmethods=8303, adapters=682, full_count=0
Compilation: enabled, stopped_count=0, restarted_count=0

Compilation events (20 events):
Event: 33.543 Thread 0x000002a1bbcd5d90 nmethod 11013 0x000002a1a7ec4890 code [0x000002a1a7ec4a80, 0x000002a1a7ec4e38]
Event: 33.543 Thread 0x000002a1bbcd5d90 11014       3       org.jetbrains.org.objectweb.asm.FieldWriter::visitEnd (1 bytes)
Event: 33.543 Thread 0x000002a1bbcd5d90 nmethod 11014 0x000002a1a7ac4e90 code [0x000002a1a7ac5020, 0x000002a1a7ac5128]
Event: 33.543 Thread 0x000002a1bbcd5d90 11009       3       org.jetbrains.kotlin.incremental.classpathDiff.JavaClassSnapshot::<init> (41 bytes)
Event: 33.543 Thread 0x000002a1bbcd5d90 nmethod 11009 0x000002a1a7ec3410 code [0x000002a1a7ec36e0, 0x000002a1a7ec43d0]
Event: 33.543 Thread 0x000002a1bbcd5d90 11022 %     3       org.jetbrains.kotlin.name.FqNameUnsafe::indexOfLastDotWithBackticksSupport @ 9 (71 bytes)
Event: 33.544 Thread 0x000002a1bbcd5d90 nmethod 11022% 0x000002a1a7ec2510 code [0x000002a1a7ec2740, 0x000002a1a7ec3050]
Event: 33.544 Thread 0x000002a1bbcd5d90 11019       3       org.jetbrains.kotlin.incremental.classpathDiff.impl.BasicClassInfoClassVisitor::getSupertypes (98 bytes)
Event: 33.545 Thread 0x000002a1bbcd5d90 nmethod 11019 0x000002a1a7ec0590 code [0x000002a1a7ec08e0, 0x000002a1a7ec1de0]
Event: 33.545 Thread 0x000002a1bbcd5d90 11016       3       org.jetbrains.kotlin.incremental.classpathDiff.impl.BasicClassInfoClassVisitor::visit (90 bytes)
Event: 33.546 Thread 0x000002a1bbcd5d90 nmethod 11016 0x000002a1a7ebd790 code [0x000002a1a7ebdc00, 0x000002a1a7ebfa78]
Event: 33.546 Thread 0x000002a1bbcd5d90 11028       3       sun.security.jca.ProviderList::getService (122 bytes)
Event: 33.547 Thread 0x000002a1bbcd5d90 nmethod 11028 0x000002a1a7ebc210 code [0x000002a1a7ebc4c0, 0x000002a1a7ebd1d8]
Event: 33.547 Thread 0x000002a1bbcd5d90 11017       3       kotlin.collections.CollectionsKt__MutableCollectionsKt::addAll (26 bytes)
Event: 33.547 Thread 0x000002a1bbcd5d90 nmethod 11017 0x000002a1a7eba410 code [0x000002a1a7eba7a0, 0x000002a1a7ebbb10]
Event: 33.547 Thread 0x000002a1bbcd5d90 11018       3       org.jetbrains.kotlin.load.kotlin.header.ReadKotlinClassHeaderAnnotationVisitor::createHeader (138 bytes)
Event: 33.548 Thread 0x000002a1bbcd5d90 nmethod 11018 0x000002a1a7eb8910 code [0x000002a1a7eb8c80, 0x000002a1a7eb9dc0]
Event: 33.548 Thread 0x000002a1bbcd5d90 11020       3       org.jetbrains.kotlin.incremental.classpathDiff.impl.BasicClassInfo::<init> (145 bytes)
Event: 33.548 Thread 0x000002a1bbca8fd0 nmethod 10999 0x000002a1af0b5e90 code [0x000002a1af0b6080, 0x000002a1af0b6ca8]
Event: 33.548 Thread 0x000002a1bbca8fd0 11029       4       java.util.TimSort::gallopLeft (335 bytes)

GC Heap History (20 events):
Event: 30.526 GC heap after
{Heap after GC invocations=83 (full 0):
 garbage-first heap   total 316416K, used 105576K [0x0000000080000000, 0x0000000100000000)
  region size 1024K, 11 young (11264K), 11 survivors (11264K)
 Metaspace       used 69655K, committed 71424K, reserved 1114112K
  class space    used 9694K, committed 10560K, reserved 1048576K
}
Event: 30.590 GC heap before
{Heap before GC invocations=84 (full 0):
 garbage-first heap   total 316416K, used 163944K [0x0000000080000000, 0x0000000100000000)
  region size 1024K, 69 young (70656K), 11 survivors (11264K)
 Metaspace       used 69655K, committed 71424K, reserved 1114112K
  class space    used 9694K, committed 10560K, reserved 1048576K
}
Event: 30.595 GC heap after
{Heap after GC invocations=85 (full 0):
 garbage-first heap   total 316416K, used 105621K [0x0000000080000000, 0x0000000100000000)
  region size 1024K, 11 young (11264K), 11 survivors (11264K)
 Metaspace       used 69655K, committed 71424K, reserved 1114112K
  class space    used 9694K, committed 10560K, reserved 1048576K
}
Event: 30.779 GC heap before
{Heap before GC invocations=86 (full 0):
 garbage-first heap   total 316416K, used 284821K [0x0000000080000000, 0x0000000100000000)
  region size 1024K, 185 young (189440K), 11 survivors (11264K)
 Metaspace       used 69656K, committed 71424K, reserved 1114112K
  class space    used 9694K, committed 10560K, reserved 1048576K
}
Event: 30.786 GC heap after
{Heap after GC invocations=87 (full 0):
 garbage-first heap   total 316416K, used 106882K [0x0000000080000000, 0x0000000100000000)
  region size 1024K, 11 young (11264K), 11 survivors (11264K)
 Metaspace       used 69656K, committed 71424K, reserved 1114112K
  class space    used 9694K, committed 10560K, reserved 1048576K
}
Event: 30.946 GC heap before
{Heap before GC invocations=87 (full 0):
 garbage-first heap   total 316416K, used 285058K [0x0000000080000000, 0x0000000100000000)
  region size 1024K, 185 young (189440K), 11 survivors (11264K)
 Metaspace       used 69663K, committed 71424K, reserved 1114112K
  class space    used 9694K, committed 10560K, reserved 1048576K
}
Event: 30.952 GC heap after
{Heap after GC invocations=88 (full 0):
 garbage-first heap   total 379904K, used 107930K [0x0000000080000000, 0x0000000100000000)
  region size 1024K, 12 young (12288K), 12 survivors (12288K)
 Metaspace       used 69663K, committed 71424K, reserved 1114112K
  class space    used 9694K, committed 10560K, reserved 1048576K
}
Event: 31.220 GC heap before
{Heap before GC invocations=89 (full 0):
 garbage-first heap   total 365568K, used 319898K [0x0000000080000000, 0x0000000100000000)
  region size 1024K, 214 young (219136K), 12 survivors (12288K)
 Metaspace       used 69665K, committed 71424K, reserved 1114112K
  class space    used 9694K, committed 10560K, reserved 1048576K
}
Event: 31.226 GC heap after
{Heap after GC invocations=90 (full 0):
 garbage-first heap   total 365568K, used 108671K [0x0000000080000000, 0x0000000100000000)
  region size 1024K, 12 young (12288K), 12 survivors (12288K)
 Metaspace       used 69665K, committed 71424K, reserved 1114112K
  class space    used 9694K, committed 10560K, reserved 1048576K
}
Event: 31.427 GC heap before
{Heap before GC invocations=90 (full 0):
 garbage-first heap   total 365568K, used 315519K [0x0000000080000000, 0x0000000100000000)
  region size 1024K, 214 young (219136K), 12 survivors (12288K)
 Metaspace       used 69668K, committed 71424K, reserved 1114112K
  class space    used 9694K, committed 10560K, reserved 1048576K
}
Event: 31.434 GC heap after
{Heap after GC invocations=91 (full 0):
 garbage-first heap   total 365568K, used 109662K [0x0000000080000000, 0x0000000100000000)
  region size 1024K, 12 young (12288K), 12 survivors (12288K)
 Metaspace       used 69668K, committed 71424K, reserved 1114112K
  class space    used 9694K, committed 10560K, reserved 1048576K
}
Event: 31.692 GC heap before
{Heap before GC invocations=91 (full 0):
 garbage-first heap   total 365568K, used 316510K [0x0000000080000000, 0x0000000100000000)
  region size 1024K, 214 young (219136K), 12 survivors (12288K)
 Metaspace       used 69669K, committed 71424K, reserved 1114112K
  class space    used 9694K, committed 10560K, reserved 1048576K
}
Event: 31.698 GC heap after
{Heap after GC invocations=92 (full 0):
 garbage-first heap   total 365568K, used 110867K [0x0000000080000000, 0x0000000100000000)
  region size 1024K, 13 young (13312K), 13 survivors (13312K)
 Metaspace       used 69669K, committed 71424K, reserved 1114112K
  class space    used 9694K, committed 10560K, reserved 1048576K
}
Event: 31.880 GC heap before
{Heap before GC invocations=92 (full 0):
 garbage-first heap   total 365568K, used 316691K [0x0000000080000000, 0x0000000100000000)
  region size 1024K, 214 young (219136K), 13 survivors (13312K)
 Metaspace       used 69669K, committed 71424K, reserved 1114112K
  class space    used 9694K, committed 10560K, reserved 1048576K
}
Event: 31.888 GC heap after
{Heap after GC invocations=93 (full 0):
 garbage-first heap   total 365568K, used 112373K [0x0000000080000000, 0x0000000100000000)
  region size 1024K, 13 young (13312K), 13 survivors (13312K)
 Metaspace       used 69669K, committed 71424K, reserved 1114112K
  class space    used 9694K, committed 10560K, reserved 1048576K
}
Event: 32.100 GC heap before
{Heap before GC invocations=93 (full 0):
 garbage-first heap   total 365568K, used 319221K [0x0000000080000000, 0x0000000100000000)
  region size 1024K, 214 young (219136K), 13 survivors (13312K)
 Metaspace       used 69674K, committed 71424K, reserved 1114112K
  class space    used 9694K, committed 10560K, reserved 1048576K
}
Event: 32.108 GC heap after
{Heap after GC invocations=94 (full 0):
 garbage-first heap   total 365568K, used 113824K [0x0000000080000000, 0x0000000100000000)
  region size 1024K, 14 young (14336K), 14 survivors (14336K)
 Metaspace       used 69674K, committed 71424K, reserved 1114112K
  class space    used 9694K, committed 10560K, reserved 1048576K
}
Event: 32.317 GC heap before
{Heap before GC invocations=94 (full 0):
 garbage-first heap   total 365568K, used 319648K [0x0000000080000000, 0x0000000100000000)
  region size 1024K, 214 young (219136K), 14 survivors (14336K)
 Metaspace       used 69676K, committed 71424K, reserved 1114112K
  class space    used 9695K, committed 10560K, reserved 1048576K
}
Event: 32.326 GC heap after
{Heap after GC invocations=95 (full 0):
 garbage-first heap   total 365568K, used 115557K [0x0000000080000000, 0x0000000100000000)
  region size 1024K, 14 young (14336K), 14 survivors (14336K)
 Metaspace       used 69676K, committed 71424K, reserved 1114112K
  class space    used 9695K, committed 10560K, reserved 1048576K
}
Event: 33.549 GC heap before
{Heap before GC invocations=95 (full 0):
 garbage-first heap   total 365568K, used 326501K [0x0000000080000000, 0x0000000100000000)
  region size 1024K, 214 young (219136K), 14 survivors (14336K)
 Metaspace       used 71501K, committed 73216K, reserved 1114112K
  class space    used 9882K, committed 10752K, reserved 1048576K
}

Dll operation events (3 events):
Event: 0.149 Loaded shared library A:\android\jbr\bin\java.dll
Event: 0.184 Loaded shared library A:\android\jbr\bin\zip.dll
Event: 0.834 Loaded shared library A:\android\jbr\bin\verify.dll

Deoptimization events (20 events):
Event: 33.518 Thread 0x000002a1c501f2c0 DEOPT PACKING pc=0x000002a1a7cc2482 sp=0x000000ec161fe310
Event: 33.518 Thread 0x000002a1c501f2c0 DEOPT UNPACKING pc=0x000002a1ae714b42 sp=0x000000ec161fd7d0 mode 0
Event: 33.533 Thread 0x000002a1c501f2c0 DEOPT PACKING pc=0x000002a1a7ac5f7d sp=0x000000ec161fe7e0
Event: 33.533 Thread 0x000002a1c501f2c0 DEOPT UNPACKING pc=0x000002a1ae714b42 sp=0x000000ec161fdc70 mode 0
Event: 33.535 Thread 0x000002a1c501f2c0 DEOPT PACKING pc=0x000002a1a7ac5f7d sp=0x000000ec161fe740
Event: 33.535 Thread 0x000002a1c501f2c0 DEOPT UNPACKING pc=0x000002a1ae714b42 sp=0x000000ec161fdbd0 mode 0
Event: 33.537 Thread 0x000002a1c501f2c0 DEOPT PACKING pc=0x000002a1a7ac5f7d sp=0x000000ec161fe740
Event: 33.537 Thread 0x000002a1c501f2c0 DEOPT UNPACKING pc=0x000002a1ae714b42 sp=0x000000ec161fdbd0 mode 0
Event: 33.540 Thread 0x000002a1c501f2c0 DEOPT PACKING pc=0x000002a1a7ac5f7d sp=0x000000ec161fe6a0
Event: 33.540 Thread 0x000002a1c501f2c0 DEOPT UNPACKING pc=0x000002a1ae714b42 sp=0x000000ec161fdb30 mode 0
Event: 33.542 Thread 0x000002a1c501f2c0 DEOPT PACKING pc=0x000002a1a7ac5f7d sp=0x000000ec161fe740
Event: 33.542 Thread 0x000002a1c501f2c0 DEOPT UNPACKING pc=0x000002a1ae714b42 sp=0x000000ec161fdbd0 mode 0
Event: 33.543 Thread 0x000002a1c501f2c0 DEOPT PACKING pc=0x000002a1a7ac5f7d sp=0x000000ec161fe6a0
Event: 33.543 Thread 0x000002a1c501f2c0 DEOPT UNPACKING pc=0x000002a1ae714b42 sp=0x000000ec161fdb30 mode 0
Event: 33.545 Thread 0x000002a1c501f2c0 DEOPT PACKING pc=0x000002a1a7ac5f7d sp=0x000000ec161fe4b0
Event: 33.545 Thread 0x000002a1c501f2c0 DEOPT UNPACKING pc=0x000002a1ae714b42 sp=0x000000ec161fd940 mode 0
Event: 33.546 Thread 0x000002a1c501f2c0 DEOPT PACKING pc=0x000002a1a7ac5f7d sp=0x000000ec161fe740
Event: 33.546 Thread 0x000002a1c501f2c0 DEOPT UNPACKING pc=0x000002a1ae714b42 sp=0x000000ec161fdbd0 mode 0
Event: 33.548 Thread 0x000002a1c501f2c0 DEOPT PACKING pc=0x000002a1a7ac5f7d sp=0x000000ec161fe6a0
Event: 33.548 Thread 0x000002a1c501f2c0 DEOPT UNPACKING pc=0x000002a1ae714b42 sp=0x000000ec161fdb30 mode 0

Classes loaded (20 events):
Event: 15.071 Loading class java/lang/ClassCustomizer
Event: 15.071 Loading class java/lang/ClassCustomizer done
Event: 15.088 Loading class java/lang/invoke/BoundMethodHandle$Species_LLLI
Event: 15.088 Loading class java/lang/invoke/BoundMethodHandle$Species_LLLI done
Event: 15.088 Loading class java/lang/invoke/BoundMethodHandle$Species_LLLIL
Event: 15.088 Loading class java/lang/invoke/BoundMethodHandle$Species_LLLIL done
Event: 15.089 Loading class java/lang/invoke/BoundMethodHandle$Species_LLLILL
Event: 15.089 Loading class java/lang/invoke/BoundMethodHandle$Species_LLLILL done
Event: 15.143 Loading class java/util/Collections$SynchronizedRandomAccessList
Event: 15.143 Loading class java/util/Collections$SynchronizedList
Event: 15.143 Loading class java/util/Collections$SynchronizedList done
Event: 15.143 Loading class java/util/Collections$SynchronizedRandomAccessList done
Event: 15.178 Loading class java/nio/file/FileSystemLoopException
Event: 15.178 Loading class java/nio/file/FileSystemLoopException done
Event: 15.258 Loading class java/util/regex/Pattern$Caret
Event: 15.258 Loading class java/util/regex/Pattern$Caret done
Event: 33.194 Loading class java/util/concurrent/atomic/AtomicLongArray
Event: 33.195 Loading class java/util/concurrent/atomic/AtomicLongArray done
Event: 33.196 Loading class java/util/concurrent/Executors$DefaultThreadFactory
Event: 33.196 Loading class java/util/concurrent/Executors$DefaultThreadFactory done

Classes unloaded (20 events):
Event: 10.096 Thread 0x000002a1bbc25f70 Unloading class 0x0000000100844000 '_BuildScript_$_run_closure1'
Event: 10.096 Thread 0x000002a1bbc25f70 Unloading class 0x000000010083c000 '_BuildScript_'
Event: 10.530 Thread 0x000002a1bbc25f70 Unloading class 0x00000001008d8420 '_BuildScript_$_run_closure1$_closure2'
Event: 10.530 Thread 0x000002a1bbc25f70 Unloading class 0x00000001008d8000 '_BuildScript_$_run_closure1'
Event: 10.530 Thread 0x000002a1bbc25f70 Unloading class 0x00000001008d5800 '_BuildScript_'
Event: 14.389 Thread 0x000002a1bbc25f70 Unloading class 0x00000001009ec948 '_BuildScript_$_run_closure1$_closure2'
Event: 14.389 Thread 0x000002a1bbc25f70 Unloading class 0x00000001009ec528 '_BuildScript_$_run_closure1'
Event: 14.389 Thread 0x000002a1bbc25f70 Unloading class 0x00000001009ec000 '_BuildScript_'
Event: 14.389 Thread 0x000002a1bbc25f70 Unloading class 0x00000001009e0948 '_BuildScript_$_run_closure2'
Event: 14.389 Thread 0x000002a1bbc25f70 Unloading class 0x00000001009e0528 '_BuildScript_$_run_closure1'
Event: 14.389 Thread 0x000002a1bbc25f70 Unloading class 0x00000001009e0000 '_BuildScript_'
Event: 19.285 Thread 0x000002a1bbc25f70 Unloading class 0x00000001009f0840 '_BuildScript_$_run_closure1$_closure3'
Event: 19.285 Thread 0x000002a1bbc25f70 Unloading class 0x00000001009f0420 '_BuildScript_$_run_closure1$_closure2'
Event: 19.285 Thread 0x000002a1bbc25f70 Unloading class 0x00000001009f0000 '_BuildScript_$_run_closure1'
Event: 19.285 Thread 0x000002a1bbc25f70 Unloading class 0x00000001009ef840 '_BuildScript_'
Event: 19.285 Thread 0x000002a1bbc25f70 Unloading class 0x00000001009ef420 'JetGradlePlugin$_apply_closure1$_closure2$_closure3'
Event: 19.285 Thread 0x000002a1bbc25f70 Unloading class 0x00000001009ef000 'JetGradlePlugin$_apply_closure1$_closure2'
Event: 19.285 Thread 0x000002a1bbc25f70 Unloading class 0x00000001009ee800 'JetGradlePlugin$_apply_closure1'
Event: 19.285 Thread 0x000002a1bbc25f70 Unloading class 0x00000001009e0300 'JetGradlePlugin'
Event: 19.285 Thread 0x000002a1bbc25f70 Unloading class 0x00000001009e0000 'RegistryProcessor'

Classes redefined (0 events):
No events

Internal exceptions (20 events):
Event: 15.167 Thread 0x000002a1c3568fd0 Exception <a 'java/lang/NoSuchMethodError'{0x0000000089c40958}: 'java.lang.Object java.lang.invoke.DirectMethodHandle$Holder.invokeSpecial(java.lang.Object, java.lang.Object, java.lang.Object, java.lang.Object, java.lang.Object, java.lang.Object, java.lang.Object, int)'> (0x0000000089c40958) 
thrown [s\src\hotspot\share\interpreter\linkResolver.cpp, line 784]
Event: 15.167 Thread 0x000002a1c3568fd0 Exception <a 'java/lang/NoSuchMethodError'{0x0000000089c44dc8}: 'java.lang.Object java.lang.invoke.Invokers$Holder.linkToTargetMethod(java.lang.Object, java.lang.Object, java.lang.Object, java.lang.Object, java.lang.Object, int, java.lang.Object)'> (0x0000000089c44dc8) 
thrown [s\src\hotspot\share\interpreter\linkResolver.cpp, line 784]
Event: 15.195 Thread 0x000002a1c3568fd0 Exception <a 'sun/nio/fs/WindowsException'{0x000000008910ebd0}> (0x000000008910ebd0) 
thrown [s\src\hotspot\share\prims\jni.cpp, line 537]
Event: 15.201 Thread 0x000002a1c3568fd0 Exception <a 'sun/nio/fs/WindowsException'{0x00000000891e8e20}> (0x00000000891e8e20) 
thrown [s\src\hotspot\share\prims\jni.cpp, line 537]
Event: 15.202 Thread 0x000002a1c3568fd0 Exception <a 'sun/nio/fs/WindowsException'{0x00000000891eacf0}> (0x00000000891eacf0) 
thrown [s\src\hotspot\share\prims\jni.cpp, line 537]
Event: 15.202 Thread 0x000002a1c3568fd0 Exception <a 'sun/nio/fs/WindowsException'{0x00000000891ec8d0}> (0x00000000891ec8d0) 
thrown [s\src\hotspot\share\prims\jni.cpp, line 537]
Event: 15.205 Thread 0x000002a1c3568fd0 Implicit null exception at 0x000002a1aecae43f to 0x000002a1aecae67c
Event: 15.205 Thread 0x000002a1c3568fd0 Implicit null exception at 0x000002a1aefc106a to 0x000002a1aefc1418
Event: 15.205 Thread 0x000002a1c3568fd0 Implicit null exception at 0x000002a1aeef2034 to 0x000002a1aeef3704
Event: 15.206 Thread 0x000002a1c3568fd0 Implicit null exception at 0x000002a1aeffc9ed to 0x000002a1aeffcd7c
Event: 21.940 Thread 0x000002a1c303b8e0 Exception <a 'sun/nio/fs/WindowsException'{0x000000008cb85a48}> (0x000000008cb85a48) 
thrown [s\src\hotspot\share\prims\jni.cpp, line 537]
Event: 31.940 Thread 0x000002a1c303b8e0 Exception <a 'sun/nio/fs/WindowsException'{0x0000000092d04fe8}> (0x0000000092d04fe8) 
thrown [s\src\hotspot\share\prims\jni.cpp, line 537]
Event: 32.423 Thread 0x000002a1c3568fd0 Exception <a 'sun/nio/fs/WindowsException'{0x000000008fc40c70}> (0x000000008fc40c70) 
thrown [s\src\hotspot\share\prims\jni.cpp, line 537]
Event: 32.423 Thread 0x000002a1c3568fd0 Exception <a 'sun/nio/fs/WindowsException'{0x000000008fc40df0}> (0x000000008fc40df0) 
thrown [s\src\hotspot\share\prims\jni.cpp, line 537]
Event: 33.166 Thread 0x000002a1c3568fd0 Exception <a 'java/lang/NoSuchMethodError'{0x000000008f9fab98}: 'java.lang.Object java.lang.invoke.DirectMethodHandle$Holder.newInvokeSpecial(java.lang.Object, java.lang.Object, int, java.lang.Object, java.lang.Object, java.lang.Object, java.lang.Object)'> (0x000000008f9fab98) 
thrown [s\src\hotspot\share\interpreter\linkResolver.cpp, line 784]
Event: 33.166 Thread 0x000002a1c3568fd0 Exception <a 'java/lang/NoSuchMethodError'{0x000000008f803838}: 'java.lang.Object java.lang.invoke.Invokers$Holder.linkToTargetMethod(java.lang.Object, int, java.lang.Object, java.lang.Object, java.lang.Object, java.lang.Object, java.lang.Object)'> (0x000000008f803838) 
thrown [s\src\hotspot\share\interpreter\linkResolver.cpp, line 784]
Event: 33.167 Thread 0x000002a1c3566870 Exception <a 'sun/nio/fs/WindowsException'{0x000000008f881ac8}> (0x000000008f881ac8) 
thrown [s\src\hotspot\share\prims\jni.cpp, line 537]
Event: 33.197 Thread 0x000002a1c501f2c0 Implicit null exception at 0x000002a1aecfa5bb to 0x000002a1aecfc1c8
Event: 33.198 Thread 0x000002a1c501f2c0 Exception <a 'java/lang/NoSuchMethodError'{0x000000008f40e240}: 'int java.lang.invoke.DirectMethodHandle$Holder.invokeStaticInit(java.lang.Object, java.lang.Object, int)'> (0x000000008f40e240) 
thrown [s\src\hotspot\share\interpreter\linkResolver.cpp, line 784]
Event: 33.377 Thread 0x000002a1c501f2c0 Exception <a 'java/lang/NoSuchMethodError'{0x000000008c5a3468}: 'int java.lang.invoke.DirectMethodHandle$Holder.invokeStatic(java.lang.Object, java.lang.Object, int, int)'> (0x000000008c5a3468) 
thrown [s\src\hotspot\share\interpreter\linkResolver.cpp, line 784]

ZGC Phase Switch (0 events):
No events

VM Operations (20 events):
Event: 31.000 Executing safepoint VM operation: G1PauseCleanup done
Event: 31.220 Executing safepoint VM operation: G1CollectForAllocation (G1 Evacuation Pause)
Event: 31.226 Executing safepoint VM operation: G1CollectForAllocation (G1 Evacuation Pause) done
Event: 31.427 Executing safepoint VM operation: G1CollectForAllocation (G1 Evacuation Pause)
Event: 31.434 Executing safepoint VM operation: G1CollectForAllocation (G1 Evacuation Pause) done
Event: 31.692 Executing safepoint VM operation: G1CollectForAllocation (G1 Evacuation Pause)
Event: 31.698 Executing safepoint VM operation: G1CollectForAllocation (G1 Evacuation Pause) done
Event: 31.879 Executing safepoint VM operation: G1CollectForAllocation (G1 Evacuation Pause)
Event: 31.888 Executing safepoint VM operation: G1CollectForAllocation (G1 Evacuation Pause) done
Event: 32.100 Executing safepoint VM operation: G1CollectForAllocation (G1 Evacuation Pause)
Event: 32.108 Executing safepoint VM operation: G1CollectForAllocation (G1 Evacuation Pause) done
Event: 32.317 Executing safepoint VM operation: G1CollectForAllocation (G1 Evacuation Pause)
Event: 32.326 Executing safepoint VM operation: G1CollectForAllocation (G1 Evacuation Pause) done
Event: 33.329 Executing safepoint VM operation: Cleanup
Event: 33.329 Executing safepoint VM operation: Cleanup done
Event: 33.392 Executing non-safepoint VM operation: HandshakeAllThreads (Deoptimize)
Event: 33.392 Executing non-safepoint VM operation: HandshakeAllThreads (Deoptimize) done
Event: 33.392 Executing non-safepoint VM operation: HandshakeAllThreads (Deoptimize)
Event: 33.392 Executing non-safepoint VM operation: HandshakeAllThreads (Deoptimize) done
Event: 33.549 Executing safepoint VM operation: G1CollectForAllocation (G1 Evacuation Pause)

Memory protections (0 events):
No events

Nmethod flushes (20 events):
Event: 29.765 Thread 0x000002a1bbc25f70 flushing  nmethod 0x000002a1a793fd10
Event: 29.765 Thread 0x000002a1bbc25f70 flushing  nmethod 0x000002a1a7c84f10
Event: 29.765 Thread 0x000002a1bbc25f70 flushing  nmethod 0x000002a1a7e11110
Event: 29.765 Thread 0x000002a1bbc25f70 flushing  nmethod 0x000002a1a7a23890
Event: 29.765 Thread 0x000002a1bbc25f70 flushing  nmethod 0x000002a1a71f7910
Event: 29.765 Thread 0x000002a1bbc25f70 flushing  nmethod 0x000002a1a77b4410
Event: 30.558 Thread 0x000002a1bbc25f70 flushing  nmethod 0x000002a1a7994110
Event: 30.558 Thread 0x000002a1bbc25f70 flushing  nmethod 0x000002a1a7d11810
Event: 30.558 Thread 0x000002a1bbc25f70 flushing  nmethod 0x000002a1a7d9ab90
Event: 30.558 Thread 0x000002a1bbc25f70 flushing  nmethod 0x000002a1a7635910
Event: 30.558 Thread 0x000002a1bbc25f70 flushing  nmethod 0x000002a1af010d90
Event: 30.558 Thread 0x000002a1bbc25f70 flushing  nmethod 0x000002a1a71c2810
Event: 30.558 Thread 0x000002a1bbc25f70 flushing  nmethod 0x000002a1a7f42590
Event: 30.558 Thread 0x000002a1bbc25f70 flushing  nmethod 0x000002a1a7863690
Event: 30.629 Thread 0x000002a1bbc25f70 flushing  nmethod 0x000002a1a73c6590
Event: 30.629 Thread 0x000002a1bbc25f70 flushing  nmethod 0x000002a1a7f41210
Event: 30.629 Thread 0x000002a1bbc25f70 flushing  nmethod 0x000002a1a751df90
Event: 30.629 Thread 0x000002a1bbc25f70 flushing  nmethod 0x000002a1a7338010
Event: 30.989 Thread 0x000002a1bbc25f70 flushing  nmethod 0x000002a1a7ed6090
Event: 30.989 Thread 0x000002a1bbc25f70 flushing  nmethod 0x000002a1a7557f90

Events (20 events):
Event: 7.986 Thread 0x000002a1c3568fd0 Thread added: 0x000002a1bbee5890
Event: 8.178 Thread 0x000002a1c3568fd0 Thread added: 0x000002a1bbee7960
Event: 8.216 Thread 0x000002a1c3568fd0 Thread added: 0x000002a1bbee65b0
Event: 9.178 Thread 0x000002a1bbcd5d90 Thread added: 0x000002a1c2a46c80
Event: 9.973 Thread 0x000002a1c3568fd0 Thread added: 0x000002a1c59456d0
Event: 9.974 Thread 0x000002a1c3568fd0 Thread added: 0x000002a1c59449b0
Event: 10.254 Thread 0x000002a1c3568fd0 Thread added: 0x000002a1c5942250
Event: 10.254 Thread 0x000002a1c3568fd0 Thread added: 0x000002a1c5943c90
Event: 12.717 Thread 0x000002a1c3568fd0 Thread added: 0x000002a1c59428e0
Event: 12.717 Thread 0x000002a1c3568fd0 Thread added: 0x000002a1c5942f70
Event: 12.718 Thread 0x000002a1c3568fd0 Thread added: 0x000002a1c5944320
Event: 12.718 Thread 0x000002a1c3568fd0 Thread added: 0x000002a1c5945040
Event: 12.848 Thread 0x000002a1c3568fd0 Thread added: 0x000002a1c5946a80
Event: 12.849 Thread 0x000002a1c3568fd0 Thread added: 0x000002a1c593faf0
Event: 12.849 Thread 0x000002a1c3568fd0 Thread added: 0x000002a1c5940810
Event: 12.849 Thread 0x000002a1c3568fd0 Thread added: 0x000002a1c5940ea0
Event: 13.668 Thread 0x000002a1c2a46c80 Thread exited: 0x000002a1c2a46c80
Event: 13.968 Thread 0x000002a1bbcd5d90 Thread added: 0x000002a1c2a49560
Event: 16.976 Thread 0x000002a1c2a49560 Thread exited: 0x000002a1c2a49560
Event: 33.196 Thread 0x000002a1c3568fd0 Thread added: 0x000002a1c501f2c0


Dynamic libraries:
0x00007ff75b560000 - 0x00007ff75b56a000 	A:\android\jbr\bin\java.exe
0x00007ff83a4b0000 - 0x00007ff83a6a8000 	C:\Windows\SYSTEM32\ntdll.dll
0x00007ff839e60000 - 0x00007ff839f22000 	C:\Windows\System32\KERNEL32.DLL
0x00007ff837dd0000 - 0x00007ff8380c6000 	C:\Windows\System32\KERNELBASE.dll
0x00007ff831780000 - 0x00007ff831814000 	C:\Windows\SYSTEM32\apphelp.dll
0x00007ff838330000 - 0x00007ff838430000 	C:\Windows\System32\ucrtbase.dll
0x00007ff832ab0000 - 0x00007ff832acb000 	A:\android\jbr\bin\VCRUNTIME140.dll
0x00007ff82ad40000 - 0x00007ff82ad58000 	A:\android\jbr\bin\jli.dll
0x00007ff83a070000 - 0x00007ff83a211000 	C:\Windows\System32\USER32.dll
0x00007ff837bf0000 - 0x00007ff837c12000 	C:\Windows\System32\win32u.dll
0x00007ff81be30000 - 0x00007ff81c0cb000 	C:\Windows\WinSxS\amd64_microsoft.windows.common-controls_6595b64144ccf1df_6.0.19041.6456_none_60b8a6cb71f64256\COMCTL32.dll
0x00007ff838dd0000 - 0x00007ff838dfb000 	C:\Windows\System32\GDI32.dll
0x00007ff839960000 - 0x00007ff8399fe000 	C:\Windows\System32\msvcrt.dll
0x00007ff837cb0000 - 0x00007ff837dc9000 	C:\Windows\System32\gdi32full.dll
0x00007ff838430000 - 0x00007ff8384cd000 	C:\Windows\System32\msvcp_win.dll
0x00007ff8384d0000 - 0x00007ff8384ff000 	C:\Windows\System32\IMM32.DLL
0x00007ff833290000 - 0x00007ff83329c000 	A:\android\jbr\bin\vcruntime140_1.dll
0x00007ffff6620000 - 0x00007ffff66ad000 	A:\android\jbr\bin\msvcp140.dll
0x00007fffe46e0000 - 0x00007fffe5376000 	A:\android\jbr\bin\server\jvm.dll
0x00007ff838d10000 - 0x00007ff838dc1000 	C:\Windows\System32\ADVAPI32.dll
0x00007ff838e60000 - 0x00007ff838eff000 	C:\Windows\System32\sechost.dll
0x00007ff839c80000 - 0x00007ff839da0000 	C:\Windows\System32\RPCRT4.dll
0x00007ff837b40000 - 0x00007ff837b67000 	C:\Windows\System32\bcrypt.dll
0x00007ff839bb0000 - 0x00007ff839c1b000 	C:\Windows\System32\WS2_32.dll
0x00007ff837080000 - 0x00007ff8370cb000 	C:\Windows\SYSTEM32\POWRPROF.dll
0x00007ff82a7d0000 - 0x00007ff82a7f7000 	C:\Windows\SYSTEM32\WINMM.dll
0x00007ff82e0f0000 - 0x00007ff82e0fa000 	C:\Windows\SYSTEM32\VERSION.dll
0x00007ff836f40000 - 0x00007ff836f52000 	C:\Windows\SYSTEM32\UMPDC.dll
0x00007ff836370000 - 0x00007ff836382000 	C:\Windows\SYSTEM32\kernel.appcore.dll
0x00007ff832aa0000 - 0x00007ff832aaa000 	A:\android\jbr\bin\jimage.dll
0x00007ff836120000 - 0x00007ff836321000 	C:\Windows\SYSTEM32\DBGHELP.DLL
0x00007ff82e110000 - 0x00007ff82e144000 	C:\Windows\SYSTEM32\dbgcore.DLL
0x00007ff837c20000 - 0x00007ff837ca2000 	C:\Windows\System32\bcryptPrimitives.dll
0x00007ff82ab20000 - 0x00007ff82ab2e000 	A:\android\jbr\bin\instrument.dll
0x00007ff832460000 - 0x00007ff832480000 	A:\android\jbr\bin\java.dll
0x00007ff82f690000 - 0x00007ff82f6a8000 	A:\android\jbr\bin\zip.dll
0x00007ff838580000 - 0x00007ff838cf0000 	C:\Windows\System32\SHELL32.dll
0x00007ff835970000 - 0x00007ff836115000 	C:\Windows\SYSTEM32\windows.storage.dll
0x00007ff8395f0000 - 0x00007ff839944000 	C:\Windows\System32\combase.dll
0x00007ff837570000 - 0x00007ff83759b000 	C:\Windows\SYSTEM32\Wldp.dll
0x00007ff839fa0000 - 0x00007ff83a06d000 	C:\Windows\System32\OLEAUT32.dll
0x00007ff839db0000 - 0x00007ff839e5d000 	C:\Windows\System32\SHCORE.dll
0x00007ff839f40000 - 0x00007ff839f9b000 	C:\Windows\System32\shlwapi.dll
0x00007ff837a70000 - 0x00007ff837a94000 	C:\Windows\SYSTEM32\profapi.dll
0x00007ff832450000 - 0x00007ff832460000 	A:\android\jbr\bin\net.dll
0x00007ff831830000 - 0x00007ff83193a000 	C:\Windows\SYSTEM32\WINHTTP.dll
0x00007ff8372d0000 - 0x00007ff83733a000 	C:\Windows\system32\mswsock.dll
0x00007ff82c1f0000 - 0x00007ff82c206000 	A:\android\jbr\bin\nio.dll
0x00007ff82c170000 - 0x00007ff82c180000 	A:\android\jbr\bin\verify.dll
0x00007ff828930000 - 0x00007ff828957000 	C:\Users\teo20\.gradle\native\660c5614fbf4a5f2a75b1949f50a0caf5cd603558e7d8a26e50b933a0cfb79d1\windows-amd64\native-platform.dll
0x00007ffffc190000 - 0x00007ffffc207000 	C:\Users\teo20\.gradle\native\0.2.8\x86_64-windows-gnu\gradle-fileevents.dll
0x00007ff82f680000 - 0x00007ff82f689000 	A:\android\jbr\bin\management.dll
0x00007ff82e2f0000 - 0x00007ff82e2fb000 	A:\android\jbr\bin\management_ext.dll
0x00007ff839f30000 - 0x00007ff839f38000 	C:\Windows\System32\PSAPI.DLL
0x00007ff836f60000 - 0x00007ff836f9b000 	C:\Windows\SYSTEM32\IPHLPAPI.DLL
0x00007ff839da0000 - 0x00007ff839da8000 	C:\Windows\System32\NSI.dll
0x00007ff831720000 - 0x00007ff831729000 	A:\android\jbr\bin\extnet.dll
0x00007ff8374c0000 - 0x00007ff8374d8000 	C:\Windows\SYSTEM32\CRYPTSP.dll
0x00007ff836b80000 - 0x00007ff836bb8000 	C:\Windows\system32\rsaenh.dll
0x00007ff8379f0000 - 0x00007ff837a1e000 	C:\Windows\SYSTEM32\USERENV.dll
0x00007ff8374e0000 - 0x00007ff8374ec000 	C:\Windows\SYSTEM32\CRYPTBASE.dll
0x00007ff811410000 - 0x00007ff811417000 	C:\Windows\system32\wshunix.dll
0x00007ff836dd0000 - 0x00007ff836e03000 	C:\Windows\SYSTEM32\ntmarta.dll

JVMTI agents:
C:\Users\teo20\.gradle\wrapper\dists\gradle-9.4.1-bin\arn2x92ynaizyzdaamcbpbhtj\gradle-9.4.1\lib\agents\gradle-instrumentation-agent-9.4.1.jar path:A:\android\jbr\bin\instrument.dll, loaded, initialized, instrumentlib options:none

dbghelp: loaded successfully - version: 4.0.5 - missing functions: none
symbol engine: initialized successfully - sym options: 0x614 - pdb path: .;A:\android\jbr\bin;C:\Windows\SYSTEM32;C:\Windows\WinSxS\amd64_microsoft.windows.common-controls_6595b64144ccf1df_6.0.19041.6456_none_60b8a6cb71f64256;A:\android\jbr\bin\server;C:\Users\teo20\.gradle\native\660c5614fbf4a5f2a75b1949f50a0caf5cd603558e7d8a26e50b933a0cfb79d1\windows-amd64;C:\Users\teo20\.gradle\native\0.2.8\x86_64-windows-gnu

VM Arguments:
jvm_args: --add-opens=java.base/java.lang=ALL-UNNAMED --add-opens=java.base/java.lang.invoke=ALL-UNNAMED --add-opens=java.base/java.util=ALL-UNNAMED --add-opens=java.prefs/java.util.prefs=ALL-UNNAMED --add-exports=jdk.compiler/com.sun.tools.javac.api=ALL-UNNAMED --add-exports=jdk.compiler/com.sun.tools.javac.util=ALL-UNNAMED --add-opens=java.base/java.util=ALL-UNNAMED --add-opens=java.prefs/java.util.prefs=ALL-UNNAMED --add-opens=java.base/java.nio.charset=ALL-UNNAMED --add-opens=java.base/java.net=ALL-UNNAMED --add-opens=java.base/java.util.concurrent=ALL-UNNAMED --add-opens=java.base/java.util.concurrent.atomic=ALL-UNNAMED --add-opens=java.xml/javax.xml.namespace=ALL-UNNAMED --add-opens=java.base/java.time=ALL-UNNAMED -Xmx2048m -Dfile.encoding=UTF-8 -Duser.country=US -Duser.language=en -Duser.variant -javaagent:C:\Users\teo20\.gradle\wrapper\dists\gradle-9.4.1-bin\arn2x92ynaizyzdaamcbpbhtj\gradle-9.4.1\lib\agents\gradle-instrumentation-agent-9.4.1.jar 
java_command: org.gradle.launcher.daemon.bootstrap.GradleDaemon 9.4.1
java_class_path (initial): C:\Users\teo20\.gradle\wrapper\dists\gradle-9.4.1-bin\arn2x92ynaizyzdaamcbpbhtj\gradle-9.4.1\lib\gradle-daemon-main-9.4.1.jar
Launcher Type: SUN_STANDARD

[Global flags]
     intx CICompilerCount                          = 4                                         {product} {ergonomic}
     uint ConcGCThreads                            = 3                                         {product} {ergonomic}
     uint G1ConcRefinementThreads                  = 10                                        {product} {ergonomic}
   size_t G1HeapRegionSize                         = 1048576                                   {product} {ergonomic}
    uintx GCDrainStackTargetSize                   = 64                                        {product} {ergonomic}
   size_t InitialHeapSize                          = 268435456                                 {product} {ergonomic}
   size_t MarkStackSize                            = 4194304                                   {product} {ergonomic}
   size_t MaxHeapSize                              = 2147483648                                {product} {command line}
   size_t MaxNewSize                               = 1287651328                                {product} {ergonomic}
   size_t MinHeapDeltaBytes                        = 1048576                                   {product} {ergonomic}
   size_t MinHeapSize                              = 8388608                                   {product} {ergonomic}
    uintx NonNMethodCodeHeapSize                   = 5839372                                {pd product} {ergonomic}
    uintx NonProfiledCodeHeapSize                  = 122909434                              {pd product} {ergonomic}
    uintx ProfiledCodeHeapSize                     = 122909434                              {pd product} {ergonomic}
    uintx ReservedCodeCacheSize                    = 251658240                              {pd product} {ergonomic}
     bool SegmentedCodeCache                       = true                                      {product} {ergonomic}
   size_t SoftMaxHeapSize                          = 2147483648                             {manageable} {ergonomic}
     bool UseCompressedOops                        = true                           {product lp64_product} {ergonomic}
     bool UseG1GC                                  = true                                      {product} {ergonomic}
     bool UseLargePagesIndividualAllocation        = false                                  {pd product} {ergonomic}

Logging:
Log output configuration:
 #0: stdout all=warning uptime,level,tags foldmultilines=false
 #1: stderr all=off uptime,level,tags foldmultilines=false

Release file:
JAVA_VERSION="21.0.10" 
MODULES="java.base java.compiler java.datatransfer java.xml java.prefs java.desktop java.instrument java.logging java.management java.security.sasl java.naming java.rmi java.management.rmi java.net.http java.scripting java.security.jgss java.transaction.xa java.sql java.sql.rowset java.xml.crypto java.se java.smartcardio jdk.accessibility jdk.internal.jvmstat jdk.attach jdk.charsets jdk.internal.opt jdk.zipfs jdk.compiler jdk.crypto.ec jdk.crypto.cryptoki jdk.dynalink jdk.hotspot.agent jdk.httpserver jdk.internal.ed jdk.internal.le jdk.internal.vm.ci jdk.jartool jdk.javadoc jdk.jcmd jdk.jdeps jdk.jdwp.agent jdk.jdi jdk.jfr jdk.jlink jdk.jsobject jdk.localedata jdk.management jdk.management.agent jdk.management.jfr jdk.naming.dns jdk.naming.rmi jdk.net jdk.sctp jdk.security.auth jdk.security.jgss jdk.unsupported jdk.unsupported.desktop jdk.xml.dom" 
IMPLEMENTOR="JetBrains s.r.o." 
JAVA_RUNTIME_VERSION="21.0.10+-14961533-b1163.108" 
LIBC="default" 
OS_ARCH="x86_64" 
OS_NAME="Windows" 
SOURCE=".:git:1351622c2ff2" 

Environment Variables:
PATH=C:\Program Files\ImageMagick-7.1.2-Q16-HDRI;C:\Program Files (x86)\Common Files\Intel\Shared Libraries\redist\intel64\compiler;C:\Program Files (x86)\Razer Chroma SDK\bin;C:\Program Files\Razer Chroma SDK\bin;C:\Program Files (x86)\Razer\ChromaBroadcast\bin;C:\Program Files\Razer\ChromaBroadcast\bin;C:\Windows\system32;C:\Windows;C:\Windows\System32\Wbem;C:\Windows\System32\WindowsPowerShell\v1.0\;C:\Windows\System32\OpenSSH\;C:\Program Files\dotnet\;C:\Users\teo20\AppData\Local\Microsoft\WindowsApps;A:\Microsoft VS Code\bin;A:\programs\pycharm\PyCharm Community Edition 2023.1.3\bin;C:\Windows\system32\config\systemprofile\AppData\Local\Microsoft\WindowsApps;C:\Program Files (x86)\NVIDIA Corporation\PhysX\Common;C:\Program Files\MATLAB\MATLAB Runtime\v95\runtime\win64;C:\Program Files\NVIDIA Corporation\NVIDIA app\NvDLISR;C:\Users\teo20\AppData\Local\Microsoft\WindowsApps;A:\Microsoft VS Code\bin;C:\Program Files\JetBrains\PyCharm Community Edition 2023.3.4\bin;;C:\Program Files (x86)\Nmap;C:\Users\teo20\AppData\Local\GitHubDesktop\bin;A:\steam\steamapps\common\DSX\Main_v3_Beta\;A:\steam\steamapps\common\DSX\Main_v3_Beta\Console
USERNAME=teo20
OS=Windows_NT
PROCESSOR_IDENTIFIER=AMD64 Family 23 Model 113 Stepping 0, AuthenticAMD
TMP=C:\Users\teo20\AppData\Local\Temp
TEMP=C:\Users\teo20\AppData\Local\Temp




Periodic native trim disabled

JNI global refs:
JNI global refs: 29, weak refs: 14

JNI global refs memory usage: 835, weak refs: 833

Process memory usage:
Resident Set Size: 593908K (3% of 16722468K total physical memory with 366872K free physical memory)

OOME stack traces (most recent first):
Classloader memory used:
Loader org.gradle.internal.classloader.VisitableURLClassLoader                         : 39454K
Loader bootstrap                                                                       : 22976K
Loader org.gradle.initialization.MixInLegacyTypesClassLoader                           : 6856K
Loader org.gradle.internal.classloader.VisitableURLClassLoader                         : 753K
Loader org.gradle.internal.classloader.VisitableURLClassLoader$InstrumentingVisitableURLClassLoader: 587K
Loader jdk.internal.loader.ClassLoaders$PlatformClassLoader                            : 399K
Loader jdk.internal.reflect.DelegatingClassLoader                                      : 192K
Loader jdk.internal.loader.ClassLoaders$AppClassLoader                                 : 189K
Loader org.gradle.groovy.scripts.internal.DefaultScriptCompilationHandler$ScriptClassLoader: 92504B

Classes loaded by more than one classloader:
Class org.gradle.internal.IoActions                                                   : loaded 3 times (x 71B)
Class org.gradle.api.Action                                                           : loaded 3 times (x 70B)
Class org.gradle.api.GradleException                                                  : loaded 3 times (x 82B)
Class com.google.common.collect.UnmodifiableListIterator                              : loaded 2 times (x 95B)
Class org.gradle.internal.operations.MultipleBuildOperationFailures                   : loaded 2 times (x 95B)
Class org.gradle.internal.classloader.DefaultClassLoaderFactory                       : loaded 2 times (x 82B)
Class kotlin.collections.AbstractList$Companion                                       : loaded 2 times (x 71B)
Class org.gradle.api.internal.DefaultClassPathProvider                                : loaded 2 times (x 76B)
Class [Lorg.gradle.api.internal.ClassPathProvider;                                    : loaded 2 times (x 69B)
Class org.gradle.api.internal.ClassPathProvider                                       : loaded 2 times (x 70B)
Class org.gradle.internal.service.UnknownServiceException                             : loaded 2 times (x 83B)
Class org.gradle.internal.classpath.TransformedClassPath                              : loaded 2 times (x 96B)
Class org.gradle.internal.classloader.InstrumentingClassLoader                        : loaded 2 times (x 70B)
Class com.google.common.collect.Iterators$ArrayItr                                    : loaded 2 times (x 97B)
Class kotlin.enums.EnumEntriesList                                                    : loaded 2 times (x 223B)
Class ijInit1_3749qj7x1yuie1vbbbdij5jmf                                               : loaded 2 times (x 171B)
Class com.google.common.collect.UnmodifiableIterator                                  : loaded 2 times (x 80B)
Class org.gradle.internal.service.ServiceLocator                                      : loaded 2 times (x 70B)
Class com.google.common.collect.Iterators$SingletonIterator                           : loaded 2 times (x 81B)
Class com.google.common.collect.Iterators                                             : loaded 2 times (x 71B)
Class com.google.common.collect.Lists$StringAsImmutableList                           : loaded 2 times (x 207B)
Class sync_studio_tooling_84ly7y37av6crq00egoyz14at$_run_closure1                     : loaded 2 times (x 139B)
Class org.gradle.internal.time.DefaultTimer                                           : loaded 2 times (x 80B)
Class org.gradle.api.internal.classpath.DefaultModuleRegistry$DefaultModule           : loaded 2 times (x 82B)
Class com.google.common.collect.AbstractIterator                                      : loaded 2 times (x 82B)
Class com.google.common.collect.AbstractIndexedListIterator                           : loaded 2 times (x 96B)
Class org.gradle.internal.time.DefaultCountdownTimer                                  : loaded 2 times (x 88B)
Class org.gradle.api.internal.classpath.Module                                        : loaded 2 times (x 70B)
Class ijInit1_3749qj7x1yuie1vbbbdij5jmf$_run_closure1                                 : loaded 2 times (x 140B)
Class org.gradle.api.internal.classpath.UnknownModuleException                        : loaded 2 times (x 82B)
Class org.gradle.api.internal.DefaultClassPathRegistry                                : loaded 2 times (x 76B)
Class org.gradle.internal.classpath.DefaultClassPath$ImmutableUniqueList              : loaded 2 times (x 199B)
Class org.gradle.api.internal.ClassPathRegistry                                       : loaded 2 times (x 70B)
Class org.gradle.internal.classpath.ClassPath                                         : loaded 2 times (x 70B)
Class sync_studio_tooling_84ly7y37av6crq00egoyz14at                                   : loaded 2 times (x 171B)
Class org.gradle.api.internal.classpath.DefaultModuleRegistry$DefaultModuleAlias      : loaded 2 times (x 80B)
Class org.gradle.internal.classloader.ClassLoaderHierarchy                            : loaded 2 times (x 70B)
Class org.gradle.tooling.model.Model                                                  : loaded 2 times (x 70B)
Class kotlin.UninitializedPropertyAccessException                                     : loaded 2 times (x 82B)
Class com.google.common.collect.Iterators$4                                           : loaded 2 times (x 82B)
Class org.gradle.api.internal.classpath.ModuleRegistry                                : loaded 2 times (x 70B)
Class org.gradle.internal.installation.GradleInstallation$1                           : loaded 2 times (x 75B)
Class com.google.common.collect.Iterators$5                                           : loaded 2 times (x 82B)
Class com.google.common.collect.ImmutableCollection                                   : loaded 2 times (x 125B)
Class org.gradle.api.internal.classpath.DefaultModuleRegistry                         : loaded 2 times (x 84B)
Class com.google.common.collect.Lists                                                 : loaded 2 times (x 71B)
Class com.google.common.collect.Iterators$9                                           : loaded 2 times (x 81B)
Class org.gradle.internal.time.MonotonicClock                                         : loaded 2 times (x 77B)
Class org.gradle.internal.service.ServiceLookupException                              : loaded 2 times (x 82B)
Class org.gradle.internal.classloader.ClassLoaderFactory                              : loaded 2 times (x 70B)
Class org.gradle.internal.service.CachingServiceLocator                               : loaded 2 times (x 82B)
Class org.gradle.internal.time.TimeSource                                             : loaded 2 times (x 70B)
Class kotlin.enums.EnumEntries                                                        : loaded 2 times (x 70B)
Class org.gradle.internal.exceptions.ResolutionProvider                               : loaded 2 times (x 70B)
Class org.gradle.internal.classloader.ClasspathUtil                                   : loaded 2 times (x 71B)
Class org.gradle.internal.time.TimeSource$1                                           : loaded 2 times (x 77B)
Class kotlin.jvm.internal.DefaultConstructorMarker                                    : loaded 2 times (x 71B)
Class org.gradle.api.specs.Spec                                                       : loaded 2 times (x 70B)
Class org.gradle.internal.time.Clock                                                  : loaded 2 times (x 70B)
Class kotlin.collections.AbstractList                                                 : loaded 2 times (x 197B)
Class kotlin.collections.AbstractCollection                                           : loaded 2 times (x 117B)
Class org.gradle.internal.classloader.VisitableURLClassLoader$InstrumentingVisitableURLClassLoader: loaded 2 times (x 123B)
Class org.gradle.internal.classloader.VisitableURLClassLoader$Spec                    : loaded 2 times (x 74B)
Class org.gradle.internal.classpath.DefaultClassPath                                  : loaded 2 times (x 90B)
Class org.gradle.util.internal.DefaultGradleVersion                                   : loaded 2 times (x 82B)
Class org.gradle.internal.classloader.ClassLoaderSpec                                 : loaded 2 times (x 71B)
Class org.gradle.api.internal.classpath.Module$ModuleAlias                            : loaded 2 times (x 70B)
Class org.gradle.internal.classloader.VisitableURLClassLoader                         : loaded 2 times (x 117B)
Class org.gradle.internal.classloader.FilteringClassLoader                            : loaded 2 times (x 105B)
Class org.gradle.internal.Cast                                                        : loaded 2 times (x 71B)
Class org.gradle.internal.classpath.DefaultClassPath$ImmutableUniqueList$Builder      : loaded 2 times (x 75B)
Class com.google.common.collect.Iterators$1                                           : loaded 2 times (x 81B)
Class org.gradle.internal.exceptions.NonGradleCauseExceptionsHolder                   : loaded 2 times (x 70B)
Class kotlin.NotImplementedError                                                      : loaded 2 times (x 82B)
Class kotlin.enums.EnumEntriesKt                                                      : loaded 2 times (x 71B)
Class org.gradle.internal.exceptions.MultiCauseException                              : loaded 2 times (x 70B)
Class org.gradle.internal.time.CountdownTimer                                         : loaded 2 times (x 70B)
Class kotlin.jvm.internal.Intrinsics                                                  : loaded 2 times (x 71B)
Class org.gradle.tooling.model.ProjectModel                                           : loaded 2 times (x 70B)
Class kotlin.KotlinNullPointerException                                               : loaded 2 times (x 83B)
Class org.gradle.internal.exceptions.DefaultMultiCauseException                       : loaded 2 times (x 95B)
Class com.google.common.base.Preconditions                                            : loaded 2 times (x 71B)
Class com.google.common.collect.PeekingIterator                                       : loaded 2 times (x 70B)
Class org.gradle.internal.time.Time                                                   : loaded 2 times (x 71B)
Class kotlin.NoWhenBranchMatchedException                                             : loaded 2 times (x 82B)
Class org.gradle.internal.time.Timer                                                  : loaded 2 times (x 70B)
Class kotlin.jvm.internal.markers.KMappedMarker                                       : loaded 2 times (x 70B)
Class org.gradle.internal.installation.CurrentGradleInstallationLocator               : loaded 2 times (x 71B)
Class com.google.common.collect.ImmutableList                                         : loaded 2 times (x 206B)
Class org.gradle.internal.service.DefaultServiceLocator                               : loaded 2 times (x 83B)
Class org.gradle.util.GradleVersion                                                   : loaded 2 times (x 81B)
Class org.gradle.internal.installation.CurrentGradleInstallation                      : loaded 2 times (x 73B)
Class org.gradle.util.internal.GUtil                                                  : loaded 2 times (x 71B)
Class com.google.common.collect.Iterators$MergingIterator                             : loaded 2 times (x 81B)
Class org.gradle.internal.installation.GradleInstallation                             : loaded 2 times (x 75B)

---------------  S Y S T E M  ---------------

OS:
 Windows 10 , 64 bit Build 19041 (10.0.19041.5915)
OS uptime: 35 days 18:46 hours

CPU: total 12 (initial active 12) (12 cores per cpu, 2 threads per core) family 23 model 113 stepping 0 microcode 0x0, cx8, cmov, fxsr, ht, mmx, 3dnowpref, sse, sse2, sse3, ssse3, sse4a, sse4.1, sse4.2, popcnt, lzcnt, tsc, tscinvbit, avx, avx2, aes, clmul, bmi1, bmi2, adx, sha, fma, vzeroupper, clflush, clflushopt, rdtscp, rdpid, f16c
Processor Information for the first 12 processors :
  Max Mhz: 3800, Current Mhz: 3800, Mhz Limit: 3800

Memory: 4k page, system-wide physical 16330M (371M free)
TotalPageFile size 44852M (AvailPageFile size 51M)
current process WorkingSet (physical memory assigned to process): 579M, peak: 581M
current process commit charge ("private bytes"): 635M, peak: 690M

vm_info: OpenJDK 64-Bit Server VM (21.0.10+-14961533-b1163.108) for windows-amd64 JRE (21.0.10+-14961533-b1163.108), built on 2026-03-02T19:58:50Z by "builder" with MS VC++ 16.10 / 16.11 (VS2019)

END.
